coord_id,latitude,longitude,generated_at
1,36.23774853,129.23600951,2026-03-18 19:38:15
2,36.5741052,129.01575013,2026-03-18 19:38:15
3,36.54573548,128.55809807,2026-03-18 19:38:15
4,37.97764297,128.54238244,2026-03-18 19:38:15
5,36.54639822,127.67971795,2026-03-18 19:38:15
6,35.6990644,129.07929722,2026-03-18 19:38:15
7,34.64395989,127.39638781,2026-03-18 19:38:15
8,36.66565253,126.86301895,2026-03-18 19:38:15
9,37.22067672,128.13836762,2026-03-18 19:38:15
10,35.77837202,126.94747047,2026-03-18 19:38:15
11,35.66216393,127.45406713,2026-03-18 19:38:15
12,35.22473134,129.13596397,2026-03-18 19:38:15
13,35.61512138,127.05095237,2026-03-18 19:38:15
14,36.9753523,127.54799931,2026-03-18 19:38:15
15,35.2239991,128.82470664,2026-03-18 19:38:15
16,35.46176341,126.77916135,2026-03-18 19:38:15
17,35.78029237,129.17896869,2026-03-18 19:38:15
18,35.95353932,127.80820127,2026-03-18 19:38:15
19,36.29918131,128.24048976,2026-03-18 19:38:15
20,34.81169476,127.69817636,2026-03-18 19:38:15
21,37.97187106,127.95105132,2026-03-18 19:38:15
22,35.01504854,128.4541429,2026-03-18 19:38:15
23,35.07273228,127.62138549,2026-03-18 19:38:15
24,33.3546131,126.54263306,2026-03-18 19:38:15
25,37.72104369,128.52403001,2026-03-18 19:38:15
26,37.24475113,127.82545597,2026-03-18 19:38:15
27,37.17743211,129.07194797,2026-03-18 19:38:15
28,36.04378705,127.11045815,2026-03-18 19:38:15
29,36.97427705,127.73500093,2026-03-18 19:38:15
30,34.93342211,126.48986189,2026-03-18 19:38:15
31,37.88025298,126.70387685,2026-03-18 19:38:15
32,35.54883638,128.63410986,2026-03-18 19:38:15
33,37.981948,128.68048786,2026-03-18 19:38:15
34,37.6326076,126.70453385,2026-03-18 19:38:15
35,35.42650627,127.60860606,2026-03-18 19:38:15
36,35.63666411,129.16007242,2026-03-18 19:38:15
37,35.19096037,128.92342501,2026-03-18 19:38:15
38,37.3098612,127.26106657,2026-03-18 19:38:15
39,34.2006546,126.59869548,2026-03-18 19:38:15
40,35.6613203,127.37527371,2026-03-18 19:38:15
41,36.13126244,127.7311902,2026-03-18 19:38:15
42,37.30196578,126.85296313,2026-03-18 19:38:15
43,36.26387767,126.56955375,2026-03-18 19:38:15
44,34.7980914,126.90443061,2026-03-18 19:38:15
45,37.14905207,127.4826711,2026-03-18 19:38:15
46,37.34176132,128.81020612,2026-03-18 19:38:15
47,35.46130568,128.43024802,2026-03-18 19:38:15
48,36.28913914,128.41145466,2026-03-18 19:38:15
49,35.20403741,128.75979809,2026-03-18 19:38:15
50,35.43401888,128.89397925,2026-03-18 19:38:15
51,37.51617002,126.93158064,2026-03-18 19:38:15
52,37.55967235,128.80549948,2026-03-18 19:38:15
53,35.15085695,128.24104909,2026-03-18 19:38:15
54,34.73595232,125.89692003,2026-03-18 19:38:15
55,35.54556857,127.47928967,2026-03-18 19:38:15
56,37.10136008,128.04006174,2026-03-18 19:38:15
57,37.45477457,128.21634643,2026-03-18 19:38:15
58,37.98773509,126.91949308,2026-03-18 19:38:15
59,35.67710552,127.95330425,2026-03-18 19:38:15
60,37.29933639,128.29550063,2026-03-18 19:38:15
61,37.73149618,128.81327541,2026-03-18 19:38:15
62,34.4743084,126.04224114,2026-03-18 19:38:15
63,34.93403875,128.1602344,2026-03-18 19:38:15
64,35.82022481,128.10514005,2026-03-18 19:38:15
65,35.62120116,128.98824581,2026-03-18 19:38:15
66,37.28721454,127.38285834,2026-03-18 19:38:15
67,35.87536766,126.97417117,2026-03-18 19:38:15
68,37.21676424,127.6792907,2026-03-18 19:38:15
69,37.56338926,127.24117877,2026-03-18 19:38:15
70,36.69524915,128.5420103,2026-03-18 19:38:15
71,35.48329727,127.56540136,2026-03-18 19:38:15
72,36.41896587,127.69002617,2026-03-18 19:38:15
73,37.61151525,128.26795265,2026-03-18 19:38:15
74,35.90728896,128.06800087,2026-03-18 19:38:15
75,36.40703878,126.74450285,2026-03-18 19:38:15
76,37.39569484,128.75463539,2026-03-18 19:38:15
77,35.48077204,127.45233435,2026-03-18 19:38:15
78,37.20999543,128.06814534,2026-03-18 19:38:15
79,35.8225403,127.72222428,2026-03-18 19:38:15
80,37.49870073,127.68734579,2026-03-18 19:38:15
81,37.3189537,128.84640624,2026-03-18 19:38:15
82,36.35373583,128.74258645,2026-03-18 19:38:15
83,36.47800278,128.47483041,2026-03-18 19:38:15
84,36.04245542,127.15581484,2026-03-18 19:38:15
85,35.13424317,126.64396843,2026-03-18 19:38:15
86,35.5896393,128.12866113,2026-03-18 19:38:15
87,35.9082046,126.99186891,2026-03-18 19:38:15
88,34.79257349,127.24491199,2026-03-18 19:38:15
89,34.61972925,126.05722772,2026-03-18 19:38:15
90,38.04126366,128.32966467,2026-03-18 19:38:15
91,35.65315107,128.66067151,2026-03-18 19:38:15
92,36.17516567,129.30198246,2026-03-18 19:38:15
93,35.47441323,129.04990771,2026-03-18 19:38:15
94,34.97877917,126.39937396,2026-03-18 19:38:15
95,35.26658344,128.78145983,2026-03-18 19:38:15
96,36.76802057,126.88011457,2026-03-18 19:38:15
97,37.28400221,127.09181145,2026-03-18 19:38:15
98,36.16620667,128.85848207,2026-03-18 19:38:15
99,36.90799483,126.2970046,2026-03-18 19:38:15
100,36.07755147,129.28498497,2026-03-18 19:38:15
101,35.90345373,127.17171083,2026-03-18 19:38:15
102,38.09339579,128.38529559,2026-03-18 19:38:15
103,37.0554375,127.70901663,2026-03-18 19:38:15
104,36.5650595,127.99999268,2026-03-18 19:38:15
105,37.60333834,127.70273478,2026-03-18 19:38:15
106,37.50325927,127.49134767,2026-03-18 19:38:15
107,37.73131431,126.95510696,2026-03-18 19:38:15
108,37.87251818,128.78275702,2026-03-18 19:38:15
109,36.70876621,127.19801138,2026-03-18 19:38:15
110,37.29402549,128.44666396,2026-03-18 19:38:15
111,36.38842256,128.80194098,2026-03-18 19:38:15
112,35.56828001,128.5019831,2026-03-18 19:38:15
113,37.50898025,127.61630158,2026-03-18 19:38:15
114,35.90966359,128.86209113,2026-03-18 19:38:15
115,36.72267164,126.69253272,2026-03-18 19:38:15
116,35.95214596,128.46797153,2026-03-18 19:38:15
117,38.09476427,128.14334337,2026-03-18 19:38:15
118,37.8423672,128.06653226,2026-03-18 19:38:15
119,37.71571566,128.79122172,2026-03-18 19:38:15
120,37.07409576,128.70181604,2026-03-18 19:38:15
121,34.66517848,127.42541583,2026-03-18 19:38:15
122,36.99873181,129.2310849,2026-03-18 19:38:15
123,35.46240112,129.01616217,2026-03-18 19:38:15
124,37.45015409,128.28462617,2026-03-18 19:38:15
125,34.89645868,128.61199012,2026-03-18 19:38:15
126,35.29797801,127.50284994,2026-03-18 19:38:15
127,33.37971909,126.7456076,2026-03-18 19:38:15
128,37.30652794,128.4433058,2026-03-18 19:38:15
129,34.44488233,127.1906367,2026-03-18 19:38:15
130,37.89478126,128.66453086,2026-03-18 19:38:15
131,37.98940507,127.42266097,2026-03-18 19:38:15
132,37.06464955,127.08150665,2026-03-18 19:38:15
133,35.7498847,126.81188064,2026-03-18 19:38:15
134,37.79361419,128.57352402,2026-03-18 19:38:15
135,37.17647627,129.04598387,2026-03-18 19:38:15
136,35.67560297,127.71848315,2026-03-18 19:38:15
137,33.30519751,126.51164692,2026-03-18 19:38:15
138,36.4268504,128.11783531,2026-03-18 19:38:15
139,36.25900606,128.35135736,2026-03-18 19:38:15
140,36.98512533,128.24805893,2026-03-18 19:38:15
141,37.38672392,126.75904782,2026-03-18 19:38:15
142,37.23178873,127.76109347,2026-03-18 19:38:15
143,36.89977298,126.96400838,2026-03-18 19:38:15
144,35.55446898,128.12877509,2026-03-18 19:38:15
145,36.50916304,127.74928182,2026-03-18 19:38:15
146,37.66881465,126.90487685,2026-03-18 19:38:15
147,35.58639681,128.29981734,2026-03-18 19:38:15
148,36.41968294,128.92669631,2026-03-18 19:38:15
149,37.54920469,126.64969652,2026-03-18 19:38:15
150,36.59715124,127.86253784,2026-03-18 19:38:15
151,37.65145815,127.56296855,2026-03-18 19:38:15
152,36.08940541,126.83589385,2026-03-18 19:38:15
153,36.78741875,126.29018528,2026-03-18 19:38:15
154,36.90095772,126.53214322,2026-03-18 19:38:15
155,35.60635601,129.17425238,2026-03-18 19:38:15
156,37.74627482,127.33050748,2026-03-18 19:38:15
157,36.68189556,128.04662491,2026-03-18 19:38:15
158,37.55460969,127.19468252,2026-03-18 19:38:15
159,36.08700032,129.04871488,2026-03-18 19:38:15
160,35.96237441,126.95607215,2026-03-18 19:38:15
161,36.37163002,128.04236553,2026-03-18 19:38:15
162,37.58819795,127.94836263,2026-03-18 19:38:15
163,38.01106843,128.13322404,2026-03-18 19:38:15
164,35.92777726,128.86778993,2026-03-18 19:38:15
165,36.17169889,127.66658038,2026-03-18 19:38:15
166,35.70892367,127.35783414,2026-03-18 19:38:15
167,37.22934447,129.13908781,2026-03-18 19:38:15
168,34.8400158,127.35125417,2026-03-18 19:38:15
169,34.95422218,126.28691343,2026-03-18 19:38:15
170,35.15976816,127.19272778,2026-03-18 19:38:15
171,33.46641117,126.59783895,2026-03-18 19:38:15
172,37.21073449,128.43130685,2026-03-18 19:38:15
173,35.56655329,127.98250239,2026-03-18 19:38:15
174,35.65790582,127.88570053,2026-03-18 19:38:15
175,37.1665892,128.97964051,2026-03-18 19:38:15
176,35.28122841,126.90645208,2026-03-18 19:38:15
177,36.13460795,127.34575326,2026-03-18 19:38:15
178,38.26948979,128.19911487,2026-03-18 19:38:15
179,34.80410871,128.04127241,2026-03-18 19:38:15
180,36.44076639,127.52034826,2026-03-18 19:38:15
181,35.74988704,128.06275607,2026-03-18 19:38:15
182,37.82087057,127.26857769,2026-03-18 19:38:15
183,36.77427904,126.37879427,2026-03-18 19:38:15
184,37.36815903,126.74769499,2026-03-18 19:38:15
185,38.11314646,127.9424477,2026-03-18 19:38:15
186,37.20693694,128.796292,2026-03-18 19:38:15
187,38.20939979,127.01969832,2026-03-18 19:38:15
188,36.47137883,128.3145237,2026-03-18 19:38:15
189,36.53157342,127.90368699,2026-03-18 19:38:15
190,34.18815301,126.60129463,2026-03-18 19:38:15
191,37.41074138,127.77234362,2026-03-18 19:38:15
192,36.46928348,127.50388777,2026-03-18 19:38:15
193,37.98548108,128.23405101,2026-03-18 19:38:15
194,35.32821804,128.68855534,2026-03-18 19:38:15
195,37.24539756,128.94827506,2026-03-18 19:38:15
196,35.56413942,127.99914305,2026-03-18 19:38:15
197,35.77339011,128.41480902,2026-03-18 19:38:15
198,37.23595277,127.40709917,2026-03-18 19:38:15
199,38.21809607,128.36351989,2026-03-18 19:38:15
200,36.19157133,127.98698292,2026-03-18 19:38:15
201,35.51998423,127.65753546,2026-03-18 19:38:15
202,33.47167675,126.40575655,2026-03-18 19:38:15
203,37.91036035,128.02207501,2026-03-18 19:38:15
204,35.48553243,126.97662458,2026-03-18 19:38:15
205,37.89761976,126.95176561,2026-03-18 19:38:15
206,36.93824669,126.71484695,2026-03-18 19:38:15
207,35.65816656,126.75730759,2026-03-18 19:38:15
208,36.62303544,128.91208494,2026-03-18 19:38:15
209,35.04493484,127.1784967,2026-03-18 19:38:15
210,34.52287016,126.57537702,2026-03-18 19:38:15
211,37.23271649,127.16499912,2026-03-18 19:38:15
212,34.57765664,127.25969434,2026-03-18 19:38:15
213,35.85306923,129.38868448,2026-03-18 19:38:15
214,37.96382252,127.31332343,2026-03-18 19:38:15
215,36.55201977,127.58213294,2026-03-18 19:38:15
216,35.86867628,127.79869431,2026-03-18 19:38:15
217,36.79811486,129.1194169,2026-03-18 19:38:15
218,34.56102482,127.36594799,2026-03-18 19:38:15
219,34.91580913,126.98362901,2026-03-18 19:38:15
220,36.05422708,128.75279447,2026-03-18 19:38:15
221,35.19927073,127.30426338,2026-03-18 19:38:15
222,36.54862609,127.79315133,2026-03-18 19:38:15
223,36.82981311,129.28858568,2026-03-18 19:38:15
224,38.26467825,127.53957195,2026-03-18 19:38:15
225,38.19108126,128.09145061,2026-03-18 19:38:15
226,35.82601263,128.59771776,2026-03-18 19:38:15
227,34.87546483,126.74075511,2026-03-18 19:38:15
228,36.91184685,127.92587288,2026-03-18 19:38:15
229,35.74259187,126.98223769,2026-03-18 19:38:15
230,36.8302109,129.2008455,2026-03-18 19:38:15
231,34.80807485,126.79606869,2026-03-18 19:38:15
232,36.35563062,129.17548076,2026-03-18 19:38:15
233,36.94931674,126.43534573,2026-03-18 19:38:15
234,35.31362925,129.15755885,2026-03-18 19:38:15
235,34.78233593,125.9699426,2026-03-18 19:38:15
236,36.67950214,128.60126553,2026-03-18 19:38:15
237,35.11642025,127.88816468,2026-03-18 19:38:15
238,35.42862732,127.59670444,2026-03-18 19:38:15
239,36.91338939,128.80281717,2026-03-18 19:38:15
240,36.04260575,128.35777148,2026-03-18 19:38:15
241,35.41450987,128.36405152,2026-03-18 19:38:15
242,35.18097897,127.27344994,2026-03-18 19:38:15
243,35.99211322,128.27675975,2026-03-18 19:38:15
244,35.46473811,127.87069881,2026-03-18 19:38:15
245,34.64334645,126.72469021,2026-03-18 19:38:15
246,35.95625842,128.44377765,2026-03-18 19:38:15
247,35.9180355,128.06130106,2026-03-18 19:38:15
248,37.25468581,128.84046653,2026-03-18 19:38:15
249,35.89288034,127.05416193,2026-03-18 19:38:15
250,36.23198793,129.29165028,2026-03-18 19:38:15
251,36.88836903,127.72513278,2026-03-18 19:38:15
252,36.87609688,128.73057674,2026-03-18 19:38:15
253,36.85856118,127.18612635,2026-03-18 19:38:15
254,36.89477504,128.9625211,2026-03-18 19:38:15
255,36.46257288,127.07778285,2026-03-18 19:38:15
256,34.61293731,127.42584466,2026-03-18 19:38:15
257,36.29434095,126.62259938,2026-03-18 19:38:15
258,36.25921299,127.80618158,2026-03-18 19:38:15
259,36.6553146,126.7437708,2026-03-18 19:38:15
260,36.60390351,127.20144831,2026-03-18 19:38:15
261,36.02806385,129.16120625,2026-03-18 19:38:15
262,35.15671916,127.53049719,2026-03-18 19:38:15
263,37.10938113,128.18504216,2026-03-18 19:38:15
264,35.24977365,127.30432976,2026-03-18 19:38:15
265,36.87881972,128.4059505,2026-03-18 19:38:15
266,36.21412878,128.71055864,2026-03-18 19:38:15
267,34.90820718,128.65624077,2026-03-18 19:38:15
268,36.16802519,127.0958356,2026-03-18 19:38:15
269,35.45285119,127.27744658,2026-03-18 19:38:15
270,35.66441022,126.72202057,2026-03-18 19:38:15
271,36.64634163,128.67538459,2026-03-18 19:38:15
272,36.93021743,128.69636279,2026-03-18 19:38:15
273,38.2787919,127.39378648,2026-03-18 19:38:15
274,35.65562222,127.36973481,2026-03-18 19:38:15
275,36.90607155,127.77581457,2026-03-18 19:38:15
276,37.35551623,126.72515743,2026-03-18 19:38:15
277,35.96374266,126.55270477,2026-03-18 19:38:15
278,34.35431943,126.54458553,2026-03-18 19:38:15
279,35.45183038,128.70030185,2026-03-18 19:38:15
280,37.66069561,127.64588497,2026-03-18 19:38:15
281,34.86468854,127.4602322,2026-03-18 19:38:15
282,35.3077825,128.40282036,2026-03-18 19:38:15
283,36.11686177,128.74053634,2026-03-18 19:38:15
284,35.60482813,128.27178658,2026-03-18 19:38:15
285,35.60077179,127.36348698,2026-03-18 19:38:15
286,33.3624078,126.47321571,2026-03-18 19:38:15
287,34.54338332,126.83835912,2026-03-18 19:38:15
288,35.94370182,128.68289268,2026-03-18 19:38:15
289,36.13560315,127.81360409,2026-03-18 19:38:15
290,36.22860648,127.03080716,2026-03-18 19:38:15
291,36.71932589,127.9114675,2026-03-18 19:38:15
292,36.772891,126.76143816,2026-03-18 19:38:15
293,35.0257755,128.32085326,2026-03-18 19:38:15
294,38.05254627,128.2206554,2026-03-18 19:38:15
295,36.78324943,126.53800182,2026-03-18 19:38:15
296,36.2329847,127.15254782,2026-03-18 19:38:15
297,37.19216691,127.48665254,2026-03-18 19:38:15
298,37.63909419,127.92969205,2026-03-18 19:38:15
299,35.9117034,128.01088775,2026-03-18 19:38:15
300,38.05616669,127.05629679,2026-03-18 19:38:15
301,35.08693089,127.08608244,2026-03-18 19:38:15
302,36.83576842,127.90931688,2026-03-18 19:38:15
303,36.6082206,126.87724205,2026-03-18 19:38:15
304,35.7507046,126.68480936,2026-03-18 19:38:15
305,35.26688938,128.12159124,2026-03-18 19:38:15
306,36.43242898,128.98080824,2026-03-18 19:38:15
307,36.08564594,127.49447757,2026-03-18 19:38:15
308,35.44956686,127.20806052,2026-03-18 19:38:15
309,35.67433802,128.01784041,2026-03-18 19:38:15
310,37.19781629,128.63889767,2026-03-18 19:38:15
311,35.67112822,127.42380367,2026-03-18 19:38:15
312,35.20243124,127.50481517,2026-03-18 19:38:15
313,36.6274785,128.99455426,2026-03-18 19:38:15
314,34.68795277,127.39874273,2026-03-18 19:38:15
315,37.42411791,128.58141113,2026-03-18 19:38:15
316,38.01378513,127.29677608,2026-03-18 19:38:15
317,36.84663187,129.0395123,2026-03-18 19:38:15
318,35.90598926,128.39617353,2026-03-18 19:38:15
319,34.76384945,127.89637733,2026-03-18 19:38:15
320,35.20706416,126.95548121,2026-03-18 19:38:15
321,35.48841959,126.49952456,2026-03-18 19:38:15
322,36.01855812,129.30422095,2026-03-18 19:38:15
323,35.11117574,126.56248958,2026-03-18 19:38:15
324,37.72861417,127.29002486,2026-03-18 19:38:15
325,37.15081069,127.0408821,2026-03-18 19:38:15
326,36.44239007,129.08792896,2026-03-18 19:38:15
327,35.40273592,128.56992572,2026-03-18 19:38:15
328,36.06092525,126.84322585,2026-03-18 19:38:15
329,36.69031467,127.3270206,2026-03-18 19:38:15
330,34.70853084,128.45663533,2026-03-18 19:38:15
331,37.42892689,128.22698775,2026-03-18 19:38:15
332,36.21256258,127.01307352,2026-03-18 19:38:15
333,36.55708261,126.8255944,2026-03-18 19:38:15
334,36.05207894,127.7923454,2026-03-18 19:38:15
335,36.96130475,126.96137309,2026-03-18 19:38:15
336,36.62006226,127.13163575,2026-03-18 19:38:15
337,36.7210599,128.69982653,2026-03-18 19:38:15
338,35.72483298,128.10257255,2026-03-18 19:38:15
339,35.76254281,129.39275437,2026-03-18 19:38:15
340,36.37510653,128.46976122,2026-03-18 19:38:15
341,37.61677648,127.63684342,2026-03-18 19:38:15
342,35.18445051,127.07879178,2026-03-18 19:38:15
343,37.43828006,126.94144941,2026-03-18 19:38:15
344,35.40794144,126.50349658,2026-03-18 19:38:15
345,36.68683269,128.18419847,2026-03-18 19:38:15
346,35.90980125,128.56499255,2026-03-18 19:38:15
347,35.72425474,129.38519974,2026-03-18 19:38:15
348,37.44903971,127.24763037,2026-03-18 19:38:15
349,37.45186908,129.08958034,2026-03-18 19:38:15
350,36.10207798,128.92843399,2026-03-18 19:38:15
351,37.21037956,127.96369266,2026-03-18 19:38:15
352,36.72320353,126.3534254,2026-03-18 19:38:15
353,36.85155302,128.77201212,2026-03-18 19:38:15
354,37.50923627,130.80419077,2026-03-18 19:38:15
355,35.7718772,127.13477316,2026-03-18 19:38:15
356,36.70044825,126.86373408,2026-03-18 19:38:15
357,38.15715164,127.31867452,2026-03-18 19:38:15
358,35.44377146,127.03685448,2026-03-18 19:38:15
359,36.21171792,128.73570487,2026-03-18 19:38:15
360,36.8837551,126.78621,2026-03-18 19:38:15
361,37.77601923,128.00601041,2026-03-18 19:38:15
362,36.83841027,127.28005082,2026-03-18 19:38:15
363,34.66055313,127.32100672,2026-03-18 19:38:15
364,37.48176475,127.48846688,2026-03-18 19:38:15
365,37.38773958,127.02210511,2026-03-18 19:38:15
366,37.68434634,128.6100183,2026-03-18 19:38:15
367,34.41777205,126.11504249,2026-03-18 19:38:15
368,35.78951195,127.86281701,2026-03-18 19:38:15
369,36.34002937,128.21324501,2026-03-18 19:38:15
370,34.33901156,127.05589896,2026-03-18 19:38:15
371,37.30218946,127.81532987,2026-03-18 19:38:15
372,37.13521566,127.56080813,2026-03-18 19:38:15
373,37.26133639,128.90961954,2026-03-18 19:38:15
374,33.50589821,126.63427044,2026-03-18 19:38:15
375,35.9897166,127.5607029,2026-03-18 19:38:15
376,36.38736205,128.30005339,2026-03-18 19:38:15
377,36.95360855,127.0759348,2026-03-18 19:38:15
378,35.34113809,126.9654283,2026-03-18 19:38:15
379,35.73095562,128.78881316,2026-03-18 19:38:15
380,37.62771165,127.58054061,2026-03-18 19:38:15
381,36.07695048,127.76498079,2026-03-18 19:38:15
382,36.24615089,127.68816556,2026-03-18 19:38:15
383,34.88455681,126.0153649,2026-03-18 19:38:15
384,35.99874934,129.23184977,2026-03-18 19:38:15
385,37.92028477,127.25864004,2026-03-18 19:38:15
386,34.53752778,127.71875801,2026-03-18 19:38:15
387,35.3960188,126.93594058,2026-03-18 19:38:15
388,35.54831221,128.61486565,2026-03-18 19:38:15
389,35.28352694,129.10142074,2026-03-18 19:38:15
390,37.53722793,126.76150305,2026-03-18 19:38:15
391,36.67211909,127.42563916,2026-03-18 19:38:15
392,37.65472189,128.77239867,2026-03-18 19:38:15
393,34.5525802,126.92878331,2026-03-18 19:38:15
394,38.28843439,127.36371814,2026-03-18 19:38:15
395,35.02690662,127.54944581,2026-03-18 19:38:15
396,38.25545553,128.54504557,2026-03-18 19:38:15
397,35.98708476,127.55995279,2026-03-18 19:38:15
398,37.2589779,126.97664482,2026-03-18 19:38:15
399,35.36668238,126.39993816,2026-03-18 19:38:15
400,37.72631379,128.37994032,2026-03-18 19:38:15
401,36.7755056,128.33580525,2026-03-18 19:38:15
402,35.31818737,127.94225995,2026-03-18 19:38:15
403,35.40868533,127.46519435,2026-03-18 19:38:15
404,35.24158231,127.88304097,2026-03-18 19:38:15
405,38.0627263,127.82079793,2026-03-18 19:38:15
406,34.73564096,126.96284802,2026-03-18 19:38:15
407,33.35181968,126.63540608,2026-03-18 19:38:15
408,37.37606913,127.57057769,2026-03-18 19:38:15
409,36.68161056,128.76950051,2026-03-18 19:38:15
410,36.13968468,128.14717284,2026-03-18 19:38:15
411,37.48484391,126.99229422,2026-03-18 19:38:15
412,37.72879136,127.42836695,2026-03-18 19:38:15
413,37.0219336,128.95760481,2026-03-18 19:38:15
414,35.03150661,128.47604244,2026-03-18 19:38:15
415,36.73972516,128.00429226,2026-03-18 19:38:15
416,37.21400583,127.90746625,2026-03-18 19:38:15
417,37.32352845,128.04941171,2026-03-18 19:38:15
418,38.1253348,128.16250823,2026-03-18 19:38:15
419,38.20687013,127.13868244,2026-03-18 19:38:15
420,34.99651723,128.44358446,2026-03-18 19:38:15
421,36.7975833,126.4139232,2026-03-18 19:38:15
422,35.49171907,126.75760882,2026-03-18 19:38:15
423,35.86380616,127.83156364,2026-03-18 19:38:15
424,35.80841478,127.55722127,2026-03-18 19:38:15
425,35.1047515,128.73970208,2026-03-18 19:38:15
426,37.77445486,128.46256155,2026-03-18 19:38:15
427,35.18180515,127.58933604,2026-03-18 19:38:15
428,34.51672087,126.27041878,2026-03-18 19:38:15
429,36.87178421,127.86551722,2026-03-18 19:38:15
430,35.82438077,126.98421327,2026-03-18 19:38:15
431,34.59478284,126.08678113,2026-03-18 19:38:15
432,36.81076668,126.80594464,2026-03-18 19:38:15
433,36.00983337,126.94489686,2026-03-18 19:38:15
434,36.47050786,127.20294017,2026-03-18 19:38:15
435,35.12880014,128.66871265,2026-03-18 19:38:15
436,35.61575116,127.238591,2026-03-18 19:38:15
437,35.33797322,126.94027175,2026-03-18 19:38:15
438,36.03371416,128.6754546,2026-03-18 19:38:15
439,36.73522419,128.06342977,2026-03-18 19:38:15
440,33.30083485,126.23592655,2026-03-18 19:38:15
441,36.82554635,128.98206881,2026-03-18 19:38:15
442,38.2329141,127.8659097,2026-03-18 19:38:15
443,38.18102598,128.1736689,2026-03-18 19:38:15
444,37.92173939,127.73514632,2026-03-18 19:38:15
445,36.29261608,127.08152978,2026-03-18 19:38:15
446,36.06298532,127.03786785,2026-03-18 19:38:15
447,37.74718191,127.31803884,2026-03-18 19:38:15
448,37.09882521,127.01079349,2026-03-18 19:38:15
449,37.75823386,128.89367509,2026-03-18 19:38:15
450,37.46451476,127.17085665,2026-03-18 19:38:15
451,37.63325236,126.63194921,2026-03-18 19:38:15
452,35.64158546,126.91168913,2026-03-18 19:38:15
453,36.51496841,127.11770667,2026-03-18 19:38:15
454,36.55086523,128.77899704,2026-03-18 19:38:15
455,34.77271286,126.63432615,2026-03-18 19:38:15
456,37.71610604,128.58402553,2026-03-18 19:38:15
457,37.73151302,126.41231834,2026-03-18 19:38:15
458,37.77364808,127.24524752,2026-03-18 19:38:15
459,36.34231362,129.31012374,2026-03-18 19:38:15
460,37.64848561,128.89384132,2026-03-18 19:38:15
461,38.01328279,127.52918519,2026-03-18 19:38:15
462,36.97132714,128.08222334,2026-03-18 19:38:15
463,36.53302817,127.6731569,2026-03-18 19:38:15
464,36.63532929,127.65671905,2026-03-18 19:38:15
465,35.70696064,128.24140718,2026-03-18 19:38:15
466,37.70864065,126.9791502,2026-03-18 19:38:15
467,36.22568311,126.63863137,2026-03-18 19:38:15
468,36.33885814,126.61960734,2026-03-18 19:38:15
469,33.37530081,126.34010618,2026-03-18 19:38:15
470,36.44807548,128.66623555,2026-03-18 19:38:15
471,34.52784478,127.28656729,2026-03-18 19:38:15
472,37.46561912,129.16339826,2026-03-18 19:38:15
473,37.11730292,127.38422244,2026-03-18 19:38:15
474,34.68265525,126.87984903,2026-03-18 19:38:15
475,36.98261513,128.76316548,2026-03-18 19:38:15
476,37.39462475,128.18371153,2026-03-18 19:38:15
477,38.24789597,127.55721347,2026-03-18 19:38:15
478,38.14905434,127.32550618,2026-03-18 19:38:15
479,36.3064067,128.18159252,2026-03-18 19:38:15
480,34.63060696,127.76909487,2026-03-18 19:38:15
481,35.61968016,127.0097662,2026-03-18 19:38:15
482,37.93974572,128.45281783,2026-03-18 19:38:15
483,35.29528599,126.76477085,2026-03-18 19:38:15
484,36.71870603,126.8094975,2026-03-18 19:38:15
485,35.760998,127.93259784,2026-03-18 19:38:15
486,37.22466125,126.74044997,2026-03-18 19:38:15
487,37.40107846,127.36312506,2026-03-18 19:38:15
488,36.84831312,127.0515987,2026-03-18 19:38:15
489,37.66722091,129.00406045,2026-03-18 19:38:15
490,37.29528912,128.60926152,2026-03-18 19:38:15
491,37.65363158,127.75618187,2026-03-18 19:38:15
492,36.89872793,127.73340942,2026-03-18 19:38:15
493,36.40583496,128.22129188,2026-03-18 19:38:15
494,36.69373359,128.21066486,2026-03-18 19:38:15
495,35.67469943,126.80678756,2026-03-18 19:38:15
496,37.93796189,126.8445706,2026-03-18 19:38:15
497,36.16799699,128.80889759,2026-03-18 19:38:15
498,33.38479447,126.57461397,2026-03-18 19:38:15
499,35.09048208,127.01981086,2026-03-18 19:38:15
500,34.6115573,126.45802153,2026-03-18 19:38:15
501,35.7959186,127.83181677,2026-03-18 19:38:15
502,35.63815272,127.75889798,2026-03-18 19:38:15
503,36.97841468,127.95700758,2026-03-18 19:38:15
504,35.75455696,127.4263691,2026-03-18 19:38:15
505,36.25198987,128.50805746,2026-03-18 19:38:15
506,35.89289818,127.85480729,2026-03-18 19:38:15
507,35.88411168,128.78749747,2026-03-18 19:38:15
508,35.39833519,128.76649688,2026-03-18 19:38:15
509,35.97757934,127.1916859,2026-03-18 19:38:15
510,34.12379819,126.51472858,2026-03-18 19:38:15
511,36.85916698,127.15913236,2026-03-18 19:38:15
512,36.7279502,128.00152779,2026-03-18 19:38:15
513,36.74903972,127.22567794,2026-03-18 19:38:15
514,37.58309838,128.54568461,2026-03-18 19:38:15
515,34.68816001,126.93297272,2026-03-18 19:38:15
516,36.19887225,128.69223983,2026-03-18 19:38:15
517,37.0459243,128.55294616,2026-03-18 19:38:15
518,37.5102321,127.64186572,2026-03-18 19:38:15
519,35.6393678,126.63474757,2026-03-18 19:38:15
520,36.5210062,128.37292269,2026-03-18 19:38:15
521,35.09020989,127.05308985,2026-03-18 19:38:15
522,35.80783149,128.69225153,2026-03-18 19:38:15
523,36.80089631,126.63981429,2026-03-18 19:38:15
524,37.49011203,129.14655835,2026-03-18 19:38:15
525,38.23156237,127.12724253,2026-03-18 19:38:15
526,36.04587693,128.27953071,2026-03-18 19:38:15
527,38.23125633,127.09054354,2026-03-18 19:38:15
528,35.04400282,127.57891258,2026-03-18 19:38:15
529,36.8259915,128.33494881,2026-03-18 19:38:15
530,33.41416275,126.64509352,2026-03-18 19:38:15
531,35.13801562,127.70074851,2026-03-18 19:38:15
532,36.84261291,128.49473884,2026-03-18 19:38:15
533,37.51927669,127.00811407,2026-03-18 19:38:15
534,35.40319309,126.84729134,2026-03-18 19:38:15
535,34.87519438,127.16120301,2026-03-18 19:38:15
536,35.92096467,127.34671365,2026-03-18 19:38:15
537,35.50007939,128.08445649,2026-03-18 19:38:15
538,33.39267626,126.6290477,2026-03-18 19:38:15
539,36.01010793,129.31564847,2026-03-18 19:38:15
540,37.00986095,128.12652137,2026-03-18 19:38:15
541,34.93363431,127.53747945,2026-03-18 19:38:15
542,37.55159486,127.98446827,2026-03-18 19:38:15
543,36.57998453,129.33000487,2026-03-18 19:38:15
544,36.31976188,127.06624042,2026-03-18 19:38:15
545,34.89090494,128.66202811,2026-03-18 19:38:15
546,35.95943103,127.92890564,2026-03-18 19:38:15
547,35.62714945,129.22330561,2026-03-18 19:38:15
548,36.0792173,127.22949427,2026-03-18 19:38:15
549,37.52593175,127.38804613,2026-03-18 19:38:15
550,37.03234478,128.27860342,2026-03-18 19:38:15
551,38.2673481,128.4406144,2026-03-18 19:38:15
552,34.51535939,127.74477443,2026-03-18 19:38:15
553,36.71957271,127.36444333,2026-03-18 19:38:15
554,36.6560718,128.11113302,2026-03-18 19:38:15
555,36.50707026,127.87000743,2026-03-18 19:38:15
556,36.31343999,127.79069475,2026-03-18 19:38:15
557,34.71039954,126.27913316,2026-03-18 19:38:15
558,35.18521446,129.17284898,2026-03-18 19:38:15
559,36.66348288,128.39549939,2026-03-18 19:38:15
560,37.93095852,126.83119935,2026-03-18 19:38:15
561,35.04398975,126.75552484,2026-03-18 19:38:15
562,35.177767,127.83523257,2026-03-18 19:38:15
563,36.68588523,128.84980256,2026-03-18 19:38:15
564,37.30716032,127.76462817,2026-03-18 19:38:15
565,36.75580407,128.97410298,2026-03-18 19:38:15
566,35.78553562,128.65978126,2026-03-18 19:38:15
567,36.90940033,127.80994623,2026-03-18 19:38:15
568,36.99025887,128.57541007,2026-03-18 19:38:15
569,35.18095033,127.53479006,2026-03-18 19:38:15
570,38.09079155,127.41891502,2026-03-18 19:38:15
571,36.20818024,126.75887275,2026-03-18 19:38:15
572,35.56856334,127.95619448,2026-03-18 19:38:15
573,36.7657118,129.28724518,2026-03-18 19:38:15
574,35.73510515,129.45128333,2026-03-18 19:38:15
575,36.87804324,127.62087015,2026-03-18 19:38:15
576,37.74229852,127.38933804,2026-03-18 19:38:15
577,35.37808823,128.79575999,2026-03-18 19:38:15
578,35.46125114,127.91287762,2026-03-18 19:38:15
579,37.82917355,128.86361547,2026-03-18 19:38:15
580,36.66719678,128.61011674,2026-03-18 19:38:15
581,37.26488442,129.27899614,2026-03-18 19:38:15
582,35.87623944,126.71821236,2026-03-18 19:38:15
583,36.8497246,127.819709,2026-03-18 19:38:15
584,36.39097271,128.60746435,2026-03-18 19:38:15
585,36.92542619,129.28154085,2026-03-18 19:38:15
586,35.58871018,127.93997329,2026-03-18 19:38:15
587,36.45344771,128.65986794,2026-03-18 19:38:15
588,35.01348956,126.91580902,2026-03-18 19:38:15
589,35.64591109,128.57001756,2026-03-18 19:38:15
590,37.65163575,127.67765739,2026-03-18 19:38:15
591,37.72229422,127.21571823,2026-03-18 19:38:15
592,38.11911083,127.41594285,2026-03-18 19:38:15
593,35.63512487,127.57298647,2026-03-18 19:38:15
594,35.46735159,127.70533398,2026-03-18 19:38:15
595,38.16812513,128.45312543,2026-03-18 19:38:15
596,37.84450395,127.59233636,2026-03-18 19:38:15
597,36.39840825,128.93447491,2026-03-18 19:38:15
598,35.14192011,128.24489246,2026-03-18 19:38:15
599,38.13702713,127.99077645,2026-03-18 19:38:15
600,36.3457094,127.80246169,2026-03-18 19:38:15
601,37.86425413,127.29021291,2026-03-18 19:38:15
602,36.68011079,129.28331588,2026-03-18 19:38:15
603,35.43885074,127.21454721,2026-03-18 19:38:15
604,37.42245231,127.55672756,2026-03-18 19:38:15
605,35.83748884,129.02321755,2026-03-18 19:38:15
606,33.35704183,126.22383463,2026-03-18 19:38:15
607,37.7393986,127.30092216,2026-03-18 19:38:15
608,38.00225859,128.47554129,2026-03-18 19:38:15
609,35.27975339,127.19946605,2026-03-18 19:38:15
610,36.89514409,126.50243486,2026-03-18 19:38:15
611,35.46960251,128.44234344,2026-03-18 19:38:15
612,37.28627317,126.8444706,2026-03-18 19:38:15
613,35.64360275,128.76567036,2026-03-18 19:38:15
614,36.41271333,128.725012,2026-03-18 19:38:15
615,38.0885679,127.66334413,2026-03-18 19:38:15
616,37.4833774,126.75964704,2026-03-18 19:38:15
617,36.97353249,127.57275691,2026-03-18 19:38:15
618,36.18769602,126.71369109,2026-03-18 19:38:15
619,37.62866002,127.94784981,2026-03-18 19:38:15
620,37.42074794,128.02451588,2026-03-18 19:38:15
621,35.23602611,127.22976869,2026-03-18 19:38:15
622,35.27827778,127.83843997,2026-03-18 19:38:15
623,37.25435453,129.03797858,2026-03-18 19:38:15
624,36.32203471,127.8558783,2026-03-18 19:38:15
625,35.74004003,129.0945532,2026-03-18 19:38:15
626,35.21406301,127.88136098,2026-03-18 19:38:15
627,37.78543099,126.80821248,2026-03-18 19:38:15
628,36.67018561,129.38865936,2026-03-18 19:38:15
629,36.63517955,127.79275467,2026-03-18 19:38:15
630,37.37413463,128.63414794,2026-03-18 19:38:15
631,36.03576598,126.90603174,2026-03-18 19:38:15
632,37.19300081,128.021829,2026-03-18 19:38:15
633,37.43487476,128.42464589,2026-03-18 19:38:15
634,35.83809407,127.4490628,2026-03-18 19:38:15
635,36.00988043,129.51715133,2026-03-18 19:38:15
636,37.71035859,127.76572858,2026-03-18 19:38:15
637,35.11487973,126.65261158,2026-03-18 19:38:15
638,35.1802973,126.72290855,2026-03-18 19:38:15
639,37.06588459,129.27088375,2026-03-18 19:38:15
640,37.20108121,127.29407317,2026-03-18 19:38:15
641,35.90852025,127.10283953,2026-03-18 19:38:15
642,37.40748691,128.0926624,2026-03-18 19:38:15
643,34.88315273,126.78147853,2026-03-18 19:38:15
644,35.01755969,127.35927816,2026-03-18 19:38:15
645,37.14464048,129.02752108,2026-03-18 19:38:15
646,36.80837643,127.51426648,2026-03-18 19:38:15
647,36.84909437,126.364005,2026-03-18 19:38:15
648,37.64800483,128.36561215,2026-03-18 19:38:15
649,35.8603759,127.13833276,2026-03-18 19:38:15
650,35.64878844,127.52788424,2026-03-18 19:38:15
651,35.23685067,128.15479539,2026-03-18 19:38:15
652,36.40744161,126.83005126,2026-03-18 19:38:15
653,34.64397849,126.13656968,2026-03-18 19:38:15
654,36.53679334,128.41262047,2026-03-18 19:38:15
655,35.49467289,129.42200983,2026-03-18 19:38:15
656,37.65305257,126.69051534,2026-03-18 19:38:15
657,36.40068503,127.9540873,2026-03-18 19:38:15
658,36.85568926,128.51167538,2026-03-18 19:38:15
659,34.99655403,127.05807076,2026-03-18 19:38:15
660,38.30262682,127.24998179,2026-03-18 19:38:15
661,35.34249533,126.45123983,2026-03-18 19:38:15
662,35.75161892,127.38065318,2026-03-18 19:38:15
663,35.8856785,126.88803554,2026-03-18 19:38:15
664,37.46778894,127.26080586,2026-03-18 19:38:15
665,35.22997822,127.04337596,2026-03-18 19:38:15
666,35.61468101,129.30691,2026-03-18 19:38:15
667,36.87196434,126.73527882,2026-03-18 19:38:15
668,35.3538023,127.26600774,2026-03-18 19:38:15
669,35.08688276,127.9340696,2026-03-18 19:38:15
670,37.09306075,128.43835651,2026-03-18 19:38:15
671,35.31652525,128.32605861,2026-03-18 19:38:15
672,36.52756833,127.59025209,2026-03-18 19:38:15
673,37.24792306,128.50067716,2026-03-18 19:38:15
674,37.11754321,127.16882176,2026-03-18 19:38:15
675,37.75714258,128.00053105,2026-03-18 19:38:15
676,36.68389264,128.26237507,2026-03-18 19:38:15
677,37.72027265,126.95881938,2026-03-18 19:38:15
678,35.22538296,128.91075401,2026-03-18 19:38:15
679,38.04294442,127.24506879,2026-03-18 19:38:15
680,36.30401545,126.62351659,2026-03-18 19:38:15
681,37.71746084,126.68939736,2026-03-18 19:38:15
682,36.65261412,127.7552351,2026-03-18 19:38:15
683,37.49280971,127.96084185,2026-03-18 19:38:15
684,35.56757289,127.45935062,2026-03-18 19:38:15
685,36.59647927,127.30017119,2026-03-18 19:38:15
686,36.77515308,128.54421491,2026-03-18 19:38:15
687,37.50329439,127.08577327,2026-03-18 19:38:15
688,35.76317779,127.85227379,2026-03-18 19:38:15
689,36.7690234,126.95198019,2026-03-18 19:38:15
690,35.55491033,128.1054959,2026-03-18 19:38:15
691,36.69266081,128.59298548,2026-03-18 19:38:15
692,36.84963898,127.44942697,2026-03-18 19:38:15
693,36.83529392,127.06980689,2026-03-18 19:38:15
694,36.14614261,127.56398252,2026-03-18 19:38:15
695,38.20702802,127.77464386,2026-03-18 19:38:15
696,36.27502609,127.16587238,2026-03-18 19:38:15
697,36.60809217,129.1068498,2026-03-18 19:38:15
698,37.20647526,128.59458322,2026-03-18 19:38:15
699,36.73674112,128.35518037,2026-03-18 19:38:15
700,38.29775745,128.52567831,2026-03-18 19:38:15
701,35.37304353,126.6340196,2026-03-18 19:38:15
702,37.11049628,129.35163882,2026-03-18 19:38:15
703,37.71462817,128.162349,2026-03-18 19:38:15
704,38.10432394,127.17650617,2026-03-18 19:38:15
705,35.37113545,127.4207407,2026-03-18 19:38:15
706,36.90022533,126.64914885,2026-03-18 19:38:15
707,36.76771054,128.57027488,2026-03-18 19:38:15
708,36.62467671,128.76464791,2026-03-18 19:38:15
709,37.78018982,128.19459327,2026-03-18 19:38:15
710,36.18475472,126.59282953,2026-03-18 19:38:15
711,35.46797778,128.85073857,2026-03-18 19:38:15
712,37.54961094,128.4881242,2026-03-18 19:38:15
713,35.64887308,128.07275071,2026-03-18 19:38:15
714,37.43964139,129.19130145,2026-03-18 19:38:15
715,35.96292131,126.77448912,2026-03-18 19:38:15
716,35.95579697,128.39975214,2026-03-18 19:38:15
717,37.40154239,127.50597683,2026-03-18 19:38:15
718,37.57719844,128.10701994,2026-03-18 19:38:15
719,37.33565112,128.98500514,2026-03-18 19:38:15
720,35.99240378,126.75803655,2026-03-18 19:38:15
721,35.55528128,127.10517559,2026-03-18 19:38:15
722,35.28055762,126.47527665,2026-03-18 19:38:15
723,38.04758109,127.48610672,2026-03-18 19:38:15
724,37.20629601,127.06513424,2026-03-18 19:38:15
725,37.14634018,126.81857032,2026-03-18 19:38:15
726,34.57698406,126.34100534,2026-03-18 19:38:15
727,35.2849938,128.4238216,2026-03-18 19:38:15
728,36.96104575,128.47146069,2026-03-18 19:38:15
729,35.89265967,128.977265,2026-03-18 19:38:15
730,37.30092462,128.0305591,2026-03-18 19:38:15
731,35.71095196,128.89469002,2026-03-18 19:38:15
732,35.30891842,127.57002613,2026-03-18 19:38:15
733,37.35396528,127.71442352,2026-03-18 19:38:15
734,35.18320985,127.37868342,2026-03-18 19:38:15
735,38.23322979,128.53136832,2026-03-18 19:38:15
736,36.08921094,126.6526849,2026-03-18 19:38:15
737,35.20164018,128.15921337,2026-03-18 19:38:15
738,37.21421284,128.7585686,2026-03-18 19:38:15
739,35.09205345,126.07567701,2026-03-18 19:38:15
740,35.09641227,127.02340324,2026-03-18 19:38:15
741,36.54614433,127.08738851,2026-03-18 19:38:15
742,35.75868907,127.73336661,2026-03-18 19:38:15
743,33.30963146,126.68020865,2026-03-18 19:38:15
744,35.9013179,126.89929339,2026-03-18 19:38:15
745,34.93354348,126.55767682,2026-03-18 19:38:15
746,35.05514915,127.21819682,2026-03-18 19:38:15
747,37.84014969,128.6247401,2026-03-18 19:38:15
748,35.62518592,129.3300343,2026-03-18 19:38:15
749,36.73474344,126.83353545,2026-03-18 19:38:15
750,34.73460368,127.90671826,2026-03-18 19:38:15
751,37.61838652,126.74867919,2026-03-18 19:38:15
752,35.44968476,127.27335639,2026-03-18 19:38:15
753,35.1117148,127.57808565,2026-03-18 19:38:15
754,37.30712206,126.79561982,2026-03-18 19:38:15
755,36.57365965,127.56430864,2026-03-18 19:38:15
756,36.99830123,128.69892739,2026-03-18 19:38:15
757,37.15832368,128.02967536,2026-03-18 19:38:15
758,37.86803755,128.20588055,2026-03-18 19:38:15
759,35.64043988,126.94059798,2026-03-18 19:38:15
760,35.02018241,127.38842454,2026-03-18 19:38:15
761,38.30401635,127.18123625,2026-03-18 19:38:15
762,37.78979995,128.51778246,2026-03-18 19:38:15
763,34.95061974,127.44143855,2026-03-18 19:38:15
764,38.06980089,127.99941417,2026-03-18 19:38:15
765,37.3937552,128.9086938,2026-03-18 19:38:15
766,35.59118028,128.80944224,2026-03-18 19:38:15
767,37.38340291,127.48091813,2026-03-18 19:38:15
768,36.35181206,127.45003613,2026-03-18 19:38:15
769,36.42418526,128.268346,2026-03-18 19:38:15
770,35.89762616,127.75560503,2026-03-18 19:38:15
771,37.67515097,125.71548176,2026-03-18 19:38:15
772,35.47967627,127.4430957,2026-03-18 19:38:15
773,35.0775429,128.23989971,2026-03-18 19:38:15
774,34.85634105,126.41401321,2026-03-18 19:38:15
775,35.45044921,129.34467532,2026-03-18 19:38:15
776,36.71425845,128.4943451,2026-03-18 19:38:15
777,36.93327471,128.13378296,2026-03-18 19:38:15
778,35.13404438,127.64680174,2026-03-18 19:38:15
779,35.26214566,127.03211094,2026-03-18 19:38:15
780,34.90109285,127.6579803,2026-03-18 19:38:15
781,35.18804885,127.17187271,2026-03-18 19:38:15
782,35.06034431,128.45017519,2026-03-18 19:38:15
783,34.52672747,126.8508507,2026-03-18 19:38:15
784,37.31889148,128.44168362,2026-03-18 19:38:15
785,37.78220465,126.89550967,2026-03-18 19:38:15
786,35.76275238,127.41555367,2026-03-18 19:38:15
787,34.58056042,126.37811469,2026-03-18 19:38:15
788,35.21184266,128.70153939,2026-03-18 19:38:15
789,36.68596159,128.46177399,2026-03-18 19:38:15
790,37.27450359,128.24328947,2026-03-18 19:38:15
791,38.02700683,127.42019936,2026-03-18 19:38:15
792,37.5236495,126.74247264,2026-03-18 19:38:15
793,36.49030916,127.37854909,2026-03-18 19:38:15
794,37.59249205,127.66944511,2026-03-18 19:38:15
795,35.5363301,127.53850035,2026-03-18 19:38:15
796,36.35275806,127.27990377,2026-03-18 19:38:15
797,35.65567658,127.79164191,2026-03-18 19:38:15
798,36.77757158,127.95614409,2026-03-18 19:38:15
799,36.82712882,129.14722831,2026-03-18 19:38:15
800,33.52691863,126.80396872,2026-03-18 19:38:15
801,37.1173292,128.48761926,2026-03-18 19:38:15
802,35.8381912,128.54865746,2026-03-18 19:38:15
803,35.46759991,127.79592735,2026-03-18 19:38:15
804,34.94830046,127.25016539,2026-03-18 19:38:15
805,34.89216386,128.61806929,2026-03-18 19:38:15
806,33.29267091,126.6450852,2026-03-18 19:38:15
807,36.34845315,128.20899949,2026-03-18 19:38:15
808,36.14952839,128.5860768,2026-03-18 19:38:15
809,36.10702697,127.90708752,2026-03-18 19:38:15
810,34.54485957,126.73645261,2026-03-18 19:38:15
811,36.63480143,127.43519053,2026-03-18 19:38:15
812,37.12278479,128.03200049,2026-03-18 19:38:15
813,37.348517,128.88940548,2026-03-18 19:38:15
814,36.54691759,126.54292474,2026-03-18 19:38:15
815,37.51158204,127.33696116,2026-03-18 19:38:15
816,33.46137558,126.55317153,2026-03-18 19:38:15
817,35.04019823,128.22874905,2026-03-18 19:38:15
818,37.07738827,127.41800669,2026-03-18 19:38:15
819,37.4727132,127.19406825,2026-03-18 19:38:15
820,33.46026668,126.35790826,2026-03-18 19:38:15
821,36.65173826,129.01495228,2026-03-18 19:38:15
822,36.5396544,127.7567307,2026-03-18 19:38:15
823,37.81930351,128.78008337,2026-03-18 19:38:15
824,36.76600207,127.85947182,2026-03-18 19:38:15
825,37.50340693,127.02188393,2026-03-18 19:38:15
826,37.9774596,128.72978198,2026-03-18 19:38:15
827,37.15192179,128.47370452,2026-03-18 19:38:15
828,35.23595125,128.97775087,2026-03-18 19:38:15
829,35.49030523,129.29376933,2026-03-18 19:38:15
830,35.54209831,128.75184629,2026-03-18 19:38:15
831,36.95980046,126.96842213,2026-03-18 19:38:15
832,35.10626879,127.51573529,2026-03-18 19:38:15
833,34.46169618,126.34673813,2026-03-18 19:38:15
834,34.99462439,127.43368827,2026-03-18 19:38:15
835,35.24316164,126.35844221,2026-03-18 19:38:15
836,36.52122194,127.01523552,2026-03-18 19:38:15
837,35.08466462,128.90726736,2026-03-18 19:38:15
838,35.27339199,129.09969586,2026-03-18 19:38:15
839,38.25299405,127.2028171,2026-03-18 19:38:15
840,36.87931187,126.5241484,2026-03-18 19:38:15
841,37.7166047,126.82761901,2026-03-18 19:38:15
842,36.3886525,128.89586643,2026-03-18 19:38:15
843,36.8623257,129.28674134,2026-03-18 19:38:15
844,35.75737504,127.98028074,2026-03-18 19:38:15
845,35.03537739,127.20411314,2026-03-18 19:38:15
846,36.56218653,127.60728396,2026-03-18 19:38:15
847,35.64947334,128.38076593,2026-03-18 19:38:15
848,35.3837378,128.8335399,2026-03-18 19:38:15
849,35.02632662,128.28736403,2026-03-18 19:38:15
850,38.19399624,127.03358753,2026-03-18 19:38:15
851,37.36003455,127.84447148,2026-03-18 19:38:15
852,35.55221484,127.88806407,2026-03-18 19:38:15
853,35.91777525,129.00054639,2026-03-18 19:38:15
854,36.91584741,127.6380674,2026-03-18 19:38:15
855,35.9234723,127.06395275,2026-03-18 19:38:15
856,35.33241358,127.73846085,2026-03-18 19:38:15
857,35.0378269,127.82072296,2026-03-18 19:38:15
858,35.2953796,128.26859998,2026-03-18 19:38:15
859,38.04375055,127.74354748,2026-03-18 19:38:15
860,37.17286092,127.99038065,2026-03-18 19:38:15
861,36.00050667,129.38870081,2026-03-18 19:38:15
862,35.41996289,128.17001048,2026-03-18 19:38:15
863,35.6586908,127.76719424,2026-03-18 19:38:15
864,37.51447502,127.00519683,2026-03-18 19:38:15
865,37.29695607,128.54098501,2026-03-18 19:38:15
866,36.44517237,128.64440082,2026-03-18 19:38:15
867,36.28969431,128.57328057,2026-03-18 19:38:15
868,36.23217644,126.80581647,2026-03-18 19:38:15
869,37.55481932,127.71234251,2026-03-18 19:38:15
870,36.1132166,127.64628048,2026-03-18 19:38:15
871,35.10137938,127.87118954,2026-03-18 19:38:15
872,36.70348455,127.93138436,2026-03-18 19:38:15
873,35.11331632,128.30730211,2026-03-18 19:38:15
874,36.0050355,128.64203466,2026-03-18 19:38:15
875,36.62803358,129.3536821,2026-03-18 19:38:15
876,37.75587599,127.01457308,2026-03-18 19:38:15
877,37.01570251,127.22576052,2026-03-18 19:38:15
878,37.22861418,128.27659593,2026-03-18 19:38:15
879,37.65076272,128.90082267,2026-03-18 19:38:15
880,36.91827409,126.88494876,2026-03-18 19:38:15
881,35.03308486,127.14616391,2026-03-18 19:38:15
882,37.36216854,127.51305025,2026-03-18 19:38:15
883,35.39698677,127.18429672,2026-03-18 19:38:15
884,35.63761037,129.24045757,2026-03-18 19:38:15
885,36.47293169,128.88555275,2026-03-18 19:38:15
886,36.9490095,128.94727079,2026-03-18 19:38:15
887,35.63188521,129.25875031,2026-03-18 19:38:15
888,37.65884004,127.8338747,2026-03-18 19:38:15
889,35.73049284,126.65877454,2026-03-18 19:38:15
890,37.53420162,127.52540719,2026-03-18 19:38:15
891,37.95528812,126.77181839,2026-03-18 19:38:15
892,34.866632,127.56751053,2026-03-18 19:38:15
893,35.81194906,128.16323233,2026-03-18 19:38:15
894,37.39721194,128.53865735,2026-03-18 19:38:15
895,35.09217003,126.49797877,2026-03-18 19:38:15
896,36.70168291,126.41620268,2026-03-18 19:38:15
897,36.60839251,127.8466743,2026-03-18 19:38:15
898,37.20911397,126.90697578,2026-03-18 19:38:15
899,35.44426864,127.23459614,2026-03-18 19:38:15
900,34.89916264,126.05623442,2026-03-18 19:38:15
901,37.81884167,127.79678819,2026-03-18 19:38:15
902,34.98512304,127.8605954,2026-03-18 19:38:15
903,38.06031675,126.95498365,2026-03-18 19:38:15
904,38.29029728,127.55968042,2026-03-18 19:38:15
905,38.51349924,128.34790711,2026-03-18 19:38:15
906,35.30721395,127.23580192,2026-03-18 19:38:15
907,38.04613952,128.01149634,2026-03-18 19:38:15
908,37.04143841,127.58531169,2026-03-18 19:38:15
909,36.40090324,129.23855323,2026-03-18 19:38:15
910,35.05551001,128.16738681,2026-03-18 19:38:15
911,37.86321798,127.5844488,2026-03-18 19:38:15
912,35.53356626,129.27039204,2026-03-18 19:38:15
913,34.61485969,126.93420287,2026-03-18 19:38:15
914,35.52884295,126.7379191,2026-03-18 19:38:15
915,36.70731034,129.34550503,2026-03-18 19:38:15
916,38.10241678,126.90706218,2026-03-18 19:38:15
917,34.48765226,126.83423039,2026-03-18 19:38:15
918,36.60859047,127.18881436,2026-03-18 19:38:15
919,35.33975489,127.33351363,2026-03-18 19:38:15
920,36.42496611,127.54237837,2026-03-18 19:38:15
921,35.25429182,128.08864792,2026-03-18 19:38:15
922,37.1110111,127.62426585,2026-03-18 19:38:15
923,35.05859583,126.73234609,2026-03-18 19:38:15
924,37.82312417,127.12158783,2026-03-18 19:38:15
925,37.14916022,127.51628223,2026-03-18 19:38:15
926,35.10935204,126.99431227,2026-03-18 19:38:15
927,36.66481961,128.99497156,2026-03-18 19:38:15
928,35.55796968,127.07048428,2026-03-18 19:38:15
929,36.68152859,129.35379839,2026-03-18 19:38:15
930,35.84494127,127.39941922,2026-03-18 19:38:15
931,35.78507983,129.39587609,2026-03-18 19:38:15
932,36.9551279,127.15867542,2026-03-18 19:38:15
933,37.20454259,126.67043405,2026-03-18 19:38:15
934,37.69523097,127.21041536,2026-03-18 19:38:15
935,36.36662862,128.62233091,2026-03-18 19:38:15
936,36.55935683,128.48398305,2026-03-18 19:38:15
937,35.89125187,127.54092091,2026-03-18 19:38:15
938,36.94450026,129.15825495,2026-03-18 19:38:15
939,37.27911528,128.42552213,2026-03-18 19:38:15
940,34.59382599,126.73135452,2026-03-18 19:38:15
941,37.20365773,127.31015246,2026-03-18 19:38:15
942,35.60970293,126.51868197,2026-03-18 19:38:15
943,37.44930487,127.01721117,2026-03-18 19:38:15
944,36.85228691,127.60055898,2026-03-18 19:38:15
945,36.76962099,129.39106151,2026-03-18 19:38:15
946,37.79510979,128.66929744,2026-03-18 19:38:15
947,34.7675224,126.99241516,2026-03-18 19:38:15
948,34.45686806,126.6196471,2026-03-18 19:38:15
949,38.1872408,127.16733858,2026-03-18 19:38:15
950,35.11223871,126.42739102,2026-03-18 19:38:15
951,35.26085679,127.74206474,2026-03-18 19:38:15
952,34.62615448,126.00074979,2026-03-18 19:38:15
953,35.71370331,128.0757016,2026-03-18 19:38:15
954,35.00345835,127.99697507,2026-03-18 19:38:15
955,34.84515637,127.69567809,2026-03-18 19:38:15
956,36.88748503,126.27549509,2026-03-18 19:38:15
957,36.46953969,127.7472614,2026-03-18 19:38:15
958,36.88143829,127.54126698,2026-03-18 19:38:15
959,37.04378128,127.90937897,2026-03-18 19:38:15
960,37.56368533,127.21222675,2026-03-18 19:38:15
961,35.76565517,126.63935045,2026-03-18 19:38:15
962,36.88440099,128.77313819,2026-03-18 19:38:15
963,36.01297587,128.67264811,2026-03-18 19:38:15
964,37.81139479,126.77817769,2026-03-18 19:38:15
965,36.65187903,126.73884897,2026-03-18 19:38:15
966,35.37038611,127.52064577,2026-03-18 19:38:15
967,37.99310957,127.68299133,2026-03-18 19:38:15
968,38.3221995,127.68636131,2026-03-18 19:38:15
969,35.82551727,127.58656219,2026-03-18 19:38:15
970,36.92290413,128.93885706,2026-03-18 19:38:15
971,35.33713756,127.55236732,2026-03-18 19:38:15
972,35.47966638,129.04926859,2026-03-18 19:38:15
973,37.45480627,126.97974708,2026-03-18 19:38:15
974,35.77283779,127.07192073,2026-03-18 19:38:15
975,36.96418287,127.21344878,2026-03-18 19:38:15
976,35.12806594,128.53811245,2026-03-18 19:38:15
977,36.15020144,127.80055111,2026-03-18 19:38:15
978,36.5411264,128.50368267,2026-03-18 19:38:15
979,37.52968228,128.65447415,2026-03-18 19:38:15
980,34.71331253,126.82002902,2026-03-18 19:38:15
981,38.2142583,127.81319142,2026-03-18 19:38:15
982,37.46086746,128.84268829,2026-03-18 19:38:15
983,35.48874264,129.24377155,2026-03-18 19:38:15
984,37.09837699,126.82820899,2026-03-18 19:38:15
985,37.23978651,128.4836637,2026-03-18 19:38:15
986,35.86167413,129.42891434,2026-03-18 19:38:15
987,35.76356618,128.43686439,2026-03-18 19:38:15
988,34.66763108,126.98797329,2026-03-18 19:38:15
989,35.91422056,129.47945622,2026-03-18 19:38:15
990,37.42821387,128.21864563,2026-03-18 19:38:15
991,36.718994,129.40868603,2026-03-18 19:38:15
992,37.57761574,128.74636774,2026-03-18 19:38:15
993,36.68942453,129.17991528,2026-03-18 19:38:15
994,35.79539565,126.90846903,2026-03-18 19:38:15
995,36.89048919,127.40763657,2026-03-18 19:38:15
996,36.94957657,128.39901122,2026-03-18 19:38:15
997,36.91411026,126.59324855,2026-03-18 19:38:15
998,36.53543553,128.40759623,2026-03-18 19:38:15
999,35.69806261,128.61607059,2026-03-18 19:38:15
1000,34.9142144,127.65295721,2026-03-18 19:38:15
