UFID,NAME,SERV,BJCD,SCLS,FMTA
100033614014C05510100000000000001,,,"5013025000",C0556354,R23120001
100033610095C05510100000000000002,,,"5013025000",C0556354,R23120002
100033610075C05510100000000000003,,,"5013025000",C0556354,R23120003
100033610074C05510100000000000004,,,"5013025000",C0556354,R23120004
100033611032C05510100000000000005,,,"5013011800",C0556354,R23120005
100033611032C05510100000000000006,,,"5013011400",C0556354,R23120006
100033611029C05510100000000000007,,,"5013025300",C0556354,R23120007
100033611029C05510100000000000008,,,"5013025300",C0556354,R23120008
100033610003C05510100000000000009,,,"5011025000",C0556354,R23120009
100033606100C05510100000000000010,,,"5011013900",C0556354,R23120010
100033605100C05510100000000000011,,,"5011025000",C0556354,R23120011
100033608069C05510100000000000012,,,"5011033000",C0556354,R23120012
100034615041C05510100000000000013,,,"4689038000",C0556354,R23120013
100034615037C05510100000000000014,,,"4689036000",C0556354,R23120014
100034615023C05510100000000000015,,,"4689025600",C0556354,R23120015
100034615021C05510100000000000016,응급의료전용헬기장,,"4689025600",C0556354,R23120016
100034615024C05510100000000000017,응급의료전용헬기이착륙장,,"4689025600",C0556354,R23120017
100034514019C05510100000000000018,,기타,"4691036000",C0556354,R23120018
100034516015C05510100000000000019,,기타,"4690036000",C0556354,R23120019
100034615005C05510100000000000020,,,"4689036000",C0556354,R23120020
100034516008C05510100000000000021,,,"4690036000",C0556354,R23120021
100034613004C05510100000000000022,,,"4690036000",C0556354,R23120022
100034516007C05510100000000000023,응급의료전용헬기장,,"4690036000",C0556354,R23120023
100034512100C05510100000000000024,응급의료전용헬기장,기타,"4690036000",C0556354,R23120024
100034609083C05510100000000000025,응급의료전용헬기긴급이착륙,,"4690036000",C0556354,R23120025
100034609071C05510100000000000026,,,"4690036000",C0556354,R23120026
100034609051C05510100000000000027,,,"4690036000",C0556354,R23120027
100034609032C05510100000000000028,,,"4690036000",C0556354,R23120028
100034709023C05510100000000000029,,기타,"4689037000",C0556354,R23120029
100034610023C05510100000000000030,,기타,"4690033000",C0556354,R23120030
100034709016C05510100000000000031,,기타,"4677033000",C0556354,R23120031
100034609003C05510100000000000032,,,"4690036000",C0556354,R23120032
100034612004C05510100000000000033,,기타,"4681040000",C0556354,R23120033
100034608087C05510100000000000034,,기타,"4680025300",C0556354,R23120034
100034608087C05510100000000000035,,기타,"4680025300",C0556354,R23120035
100034706088C05510100000000000036,,기타,"4677035000",C0556354,R23120036
100034706073C05510100000000000037,,기타,"4677035000",C0556354,R23120037
100034605070C05510100000000000038,,,"4690031000",C0556354,R23120038
100034706055C05510100000000000039,,기타,"4677035000",C0556354,R23120039
100034508070C05510100000000000040,,,"4691037000",C0556354,R23120040
100034705051C05510100000000000041,,기타,"4680032000",C0556354,R23120041
100034508054C05510100000000000042,,,"4691035000",C0556354,R23120042
100034706058C05510100000000000043,,기타,"4677044000",C0556354,R23120043
100034508055C05510100000000000044,,,"4691035000",C0556354,R23120044
100034605046C05510100000000000045,,,"4691039000",C0556354,R23120045
100034605046C05510100000000000046,,,"4691039000",C0556354,R23120046
100034506047C05510100000000000047,,기타,"4691036000",C0556354,R23120047
100034605023C05510100000000000048,,,"4691037000",C0556354,R23120048
100034606025C05510100000000000049,,,"4682041000",C0556354,R23120049
100034505028C05510100000000000050,,,"4691036000",C0556354,R23120050
100034508017C05510100000000000051,,기타,"4691035000",C0556354,R23120051
100034508018C05510100000000000052,응급의료전용헬기장,기타,"4691034000",C0556354,R23120052
100034706002C05510100000000000053,,기타,"4677041000",C0556354,R23120053
100034606007C05510100000000000054,,,"4683025300",C0556354,R23120054
100034606007C05510100000000000055,,,"4683025300",C0556354,R23120055
100034606007C05510100000000000056,,,"4683025300",C0556354,R23120056
100034606007C05510100000000000057,,,"4683025300",C0556354,R23120057
100034608001C05510100000000000058,,기타,"4681039000",C0556354,R23120058
100034606007C05510100000000000059,,,"4683025300",C0556354,R23120059
100034606007C05510100000000000060,,,"4683025300",C0556354,R23120060
100034605001C05510100000000000061,,,"4691034000",C0556354,R23120061
100034605001C05510100000000000062,,,"4691034000",C0556354,R23120062
100034704094C05510100000000000063,,기타,"4884035000",C0556354,R23120063
100034704100C05510100000000000064,,,"4884032000",C0556354,R23120064
100034704100C05510100000000000065,,,"4884032000",C0556354,R23120065
100034803095C05510100000000000066,,기타,"4831033000",C0556354,R23120066
100034508007C05510100000000000067,,기타,"4691034000",C0556354,R23120067
100034504097C05510100000000000068,,기타,"4691034000",C0556354,R23120068
100034703100C05510100000000000069,,기타,"4613012100",C0556354,R23120069
100034703100C05510100000000000070,,기타,"4613012600",C0556354,R23120070
100034703100C05510100000000000071,,기타,"4613012600",C0556354,R23120071
100034602082C05510100000000000072,,,"4611016100",C0556354,R23120072
100034702089C05510100000000000073,,,"4678025300",C0556354,R23120073
100034803085C05510100000000000074,,기타,"4831032000",C0556354,R23120074
100034704088C05510100000000000075,,기타,"4884031000",C0556354,R23120075
100034703090C05510100000000000076,,기타,"4613012400",C0556354,R23120076
100034504087C05510100000000000077,,기타,"4691034000",C0556354,R23120077
100034703074C05510100000000000078,,기타,"4613031000",C0556354,R23120078
100034703075C05510100000000000079,,기타,"4613031000",C0556354,R23120079
100034703075C05510100000000000080,,기타,"4613031000",C0556354,R23120080
100034703075C05510100000000000081,,기타,"4613031000",C0556354,R23120081
100034703075C05510100000000000082,,기타,"4613031000",C0556354,R23120082
100034603069C05510100000000000083,영암산림항공관리소,,"4683031000",C0556354,R23120083
100034603069C05510100000000000084,영암산림항공관리소,,"4683031000",C0556354,R23120084
100034603069C05510100000000000085,전남소방본부소방항공대,,"4683031000",C0556354,R23120085
100034603069C05510100000000000086,전남소방본부소방항공대,,"4683031000",C0556354,R23120086
100034704066C05510100000000000087,,,"4884025000",C0556354,R23120087
100034802058C05510100000000000088,통영헬기장,,"4822011100",C0556354,R23120088
100034801044C05510100000000000089,,기타,"4824012100",C0556354,R23120089
100034803045C05510100000000000090,,,"4831010800",C0556354,R23120090
100034702034C05510100000000000091,,기타,"4615038000",C0556354,R23120091
100034704026C05510100000000000092,,기타,"4884038000",C0556354,R23120092
100034704026C05510100000000000093,,기타,"4884038000",C0556354,R23120093
100034602029C05510100000000000094,,기타,"4684033000",C0556354,R23120094
100034803025C05510100000000000095,,기타,"4831037000",C0556354,R23120095
100034801023C05510100000000000096,,기타,"4824011800",C0556354,R23120096
100034702023C05510100000000000097,,,"4615038000",C0556354,R23120097
100034704015C05510100000000000098,,,"4885036000",C0556354,R23120098
100034704016C05510100000000000099,,기타,"4885036000",C0556354,R23120099
100034702011C05510100000000000100,,,"4615036000",C0556354,R23120100
100034702001C05510100000000000101,,,"4615036000",C0556354,R23120101
100034704001C05510100000000000102,,기타,"4623035000",C0556354,R23120102
100034801005C05510100000000000103,,기타,"4824012200",C0556354,R23120103
100034703006C05510100000000000104,,기타,"4623025000",C0556354,R23120104
100035714093C05510100000000000105,,기타,"4615036000",C0556354,R23120105
100035716098C05510100000000000106,,,"4824037000",C0556354,R23120106
100035615094C05510100000000000107,,,"4617036000",C0556354,R23120107
100035713088C05510100000000000108,,,"4679041500",C0556354,R23120108
100035714083C05510100000000000109,,기타,"4615035000",C0556354,R23120109
100035913073C05510100000000000110,,기타,"2620012100",C0556354,R23120110
100035613062C05510100000000000111,,,"4691032000",C0556354,R23120111
100035716069C05510100000000000112,,,"4824036000",C0556354,R23120112
100035616061C05510100000000000113,,,"2920013800",C0556354,R23120113
100035716058C05510100000000000114,,,"4824036000",C0556354,R23120114
100035715056C05510100000000000115,,기타,"4623036000",C0556354,R23120115
100035715054C05510100000000000116,,기타,"4623031000",C0556354,R23120116
100035715057C05510100000000000117,,기타,"4623036000",C0556354,R23120117
100035715054C05510100000000000118,,기타,"4623032000",C0556354,R23120118
100035816060C05510100000000000119,,기타,"2638010100",C0556354,R23120119
100035816060C05510100000000000120,,기타,"2638010200",C0556354,R23120120
100035913042C05510100000000000121,,기타,"2617010100",C0556354,R23120121
100035913042C05510100000000000122,,기타,"2614010300",C0556354,R23120122
100035913045C05510100000000000123,,기타,"2629010700",C0556354,R23120123
100035913042C05510100000000000124,,기타,"2617010200",C0556354,R23120124
100035913042C05510100000000000125,,기타,"2614010300",C0556354,R23120125
100035913041C05510100000000000126,,기타,"2614010600",C0556354,R23120126
100035913042C05510100000000000127,,기타,"2617010200",C0556354,R23120127
100035616032C05510100000000000128,,,"2920010600",C0556354,R23120128
100035913031C05510100000000000129,,기타,"2623011100",C0556354,R23120129
100035815034C05510100000000000130,,,"4812510100",C0556354,R23120130
100035913028C05510100000000000131,,,"2635010700",C0556354,R23120131
100035913028C05510100000000000132,,,"2635010700",C0556354,R23120132
100035913028C05510100000000000133,,,"2635010700",C0556354,R23120133
100035913028C05510100000000000134,,,"2635010700",C0556354,R23120134
100035815020C05510100000000000135,,,"4812310900",C0556354,R23120135
100035714012C05510100000000000136,,기타,"4672035000",C0556354,R23120136
100035913017C05510100000000000137,,,"2635010100",C0556354,R23120137
100035815019C05510100000000000138,,,"4825033000",C0556354,R23120138
100035913005C05510100000000000139,,기타,"2641010900",C0556354,R23120139
100035714010C05510100000000000140,,기타,"4673034000",C0556354,R23120140
100035711096C05510100000000000141,,기타,"4885031000",C0556354,R23120141
100035711082C05510100000000000142,,기타,"4673034000",C0556354,R23120142
100035609087C05510100000000000143,,,"4687038000",C0556354,R23120143
100035711082C05510100000000000144,,기타,"4673033000",C0556354,R23120144
100035711082C05510100000000000145,,기타,"4673037000",C0556354,R23120145
100035711082C05510100000000000146,,기타,"4673037000",C0556354,R23120146
100035711082C05510100000000000147,,기타,"4673037000",C0556354,R23120147
100035711082C05510100000000000148,,기타,"4673033000",C0556354,R23120148
100035711082C05510100000000000149,,기타,"4673033000",C0556354,R23120149
100035809072C05510100000000000150,,,"4817042000",C0556354,R23120150
100035711074C05510100000000000151,,,"4885031000",C0556354,R23120151
100035612072C05510100000000000152,,기타,"4688025000",C0556354,R23120152
100035711078C05510100000000000153,,기타,"4886036000",C0556354,R23120153
100035711071C05510100000000000154,,기타,"4673037000",C0556354,R23120154
100035711065C05510100000000000155,,기타,"5219046000",C0556354,R23120155
100035711069C05510100000000000156,,기타,"4886036000",C0556354,R23120156
100035710065C05510100000000000157,,,"5219032000",C0556354,R23120157
100035711070C05510100000000000158,,기타,"4886036000",C0556354,R23120158
100035710065C05510100000000000159,,,"5219032000",C0556354,R23120159
100035712056C05510100000000000160,,기타,"4886037000",C0556354,R23120160
100035712056C05510100000000000161,,기타,"4886037000",C0556354,R23120161
100035609051C05510100000000000162,,기타,"4687038000",C0556354,R23120162
100035711055C05510100000000000163,,,"5219046000",C0556354,R23120163
100035711051C05510100000000000164,,기타,"5219046000",C0556354,R23120164
100035811059C05510100000000000165,,기타,"4812132000",C0556354,R23120165
100035712059C05510100000000000166,,기타,"4886038000",C0556354,R23120166
100035712056C05510100000000000167,,기타,"4886025000",C0556354,R23120167
100035712046C05510100000000000168,,기타,"4886025000",C0556354,R23120168
100035810048C05510100000000000169,,,"4873034000",C0556354,R23120169
100035712048C05510100000000000170,,기타,"4886038000",C0556354,R23120170
100035712044C05510100000000000171,,기타,"4886034000",C0556354,R23120171
100035811045C05510100000000000172,,기타,"4812131000",C0556354,R23120172
100035712048C05510100000000000173,,기타,"4886025000",C0556354,R23120173
100035809045C05510100000000000174,,기타,"4889043000",C0556354,R23120174
100035909050C05510100000000000175,헬기착륙장,,"2671025300",C0556354,R23120175
100035809048C05510100000000000176,,기타,"4872033000",C0556354,R23120176
100035809048C05510100000000000177,,기타,"4872041500",C0556354,R23120177
100035809039C05510100000000000178,,기타,"4872041500",C0556354,R23120178
100035712039C05510100000000000179,,기타,"4886040000",C0556354,R23120179
100035612036C05510100000000000180,,기타,"4688040000",C0556354,R23120180
100035710027C05510100000000000181,,,"5219011700",C0556354,R23120181
100035710027C05510100000000000182,,,"5219011700",C0556354,R23120182
100035809029C05510100000000000183,,기타,"4872041500",C0556354,R23120183
100035712023C05510100000000000184,,기타,"4886034000",C0556354,R23120184
100035711027C05510100000000000185,,기타,"4887025000",C0556354,R23120185
100035712029C05510100000000000186,,기타,"4886031000",C0556354,R23120186
100035712018C05510100000000000187,,기타,"4886031000",C0556354,R23120187
100035612011C05510100000000000188,,,"4688039000",C0556354,R23120188
100035612014C05510100000000000189,,,"4688040000",C0556354,R23120189
100035811017C05510100000000000190,,,"4827038000",C0556354,R23120190
100035612012C05510100000000000191,,,"4688039000",C0556354,R23120191
100035711011C05510100000000000192,,기타,"5219041000",C0556354,R23120192
100035712002C05510100000000000193,함양산림항공관리소,기타,"4887033000",C0556354,R23120193
100035811003C05510100000000000194,,기타,"4827038000",C0556354,R23120194
100035809001C05510100000000000195,,기타,"4889044000",C0556354,R23120195
100035711007C05510100000000000196,,기타,"4887025000",C0556354,R23120196
100035708093C05510100000000000197,,기타,"4886033000",C0556354,R23120197
100035705099C05510100000000000198,,기타,"5275037000",C0556354,R23120198
100035708097C05510100000000000199,,,"4888039000",C0556354,R23120199
100035707084C05510100000000000200,,기타,"5219045000",C0556354,R23120200
100035706088C05510100000000000201,,기타,"5219040000",C0556354,R23120201
100035807082C05510100000000000202,,기타,"4874025000",C0556354,R23120202
100035708073C05510100000000000203,,기타,"4887034000",C0556354,R23120203
100035707077C05510100000000000204,,기타,"4887040000",C0556354,R23120204
100035807074C05510100000000000205,,기타,"4874031000",C0556354,R23120205
100035706069C05510100000000000206,,기타,"5274025000",C0556354,R23120206
100035707068C05510100000000000207,,기타,"4887040000",C0556354,R23120207
100035805067C05510100000000000208,합천군산불진화헬기계류장,,"4889025000",C0556354,R23120208
100035707069C05510100000000000209,,기타,"4887035000",C0556354,R23120209
100035707070C05510100000000000210,,기타,"4887037000",C0556354,R23120210
100035708051C05510100000000000211,,기타,"4887037000",C0556354,R23120211
100035606070C05510100000000000212,,,"5280036000",C0556354,R23120212
100035707054C05510100000000000213,,기타,"5274032000",C0556354,R23120213
100035607051C05510100000000000214,,,"5280036000",C0556354,R23120214
100035706059C05510100000000000215,팔공산헬기장,기타,"5272035000",C0556354,R23120215
100035606053C05510100000000000216,,,"5280042000",C0556354,R23120216
100035807059C05510100000000000217,,기타,"4782025000",C0556354,R23120217
100035607052C05510100000000000218,,,"5280037000",C0556354,R23120218
100035706048C05510100000000000219,,기타,"5275034000",C0556354,R23120219
100035805044C05510100000000000220,,기타,"4889032000",C0556354,R23120220
100035805046C05510100000000000221,,기타,"4889032000",C0556354,R23120221
100035706048C05510100000000000222,,기타,"5272035000",C0556354,R23120222
100035707036C05510100000000000223,,기타,"4887038000",C0556354,R23120223
100035805032C05510100000000000224,,기타,"4889031000",C0556354,R23120224
100035807031C05510100000000000225,,기타,"4874032000",C0556354,R23120225
100035805031C05510100000000000226,,기타,"4888038000",C0556354,R23120226
100035805037C05510100000000000227,,기타,"4783037000",C0556354,R23120227
100035806036C05510100000000000228,,기타,"2771038000",C0556354,R23120228
100035806036C05510100000000000229,,기타,"2771038000",C0556354,R23120229
100035806036C05510100000000000230,,기타,"2771038000",C0556354,R23120230
100035706038C05510100000000000231,,기타,"5272035000",C0556354,R23120231
100035706039C05510100000000000232,,기타,"5272035000",C0556354,R23120232
100035605035C05510100000000000233,,,"5280042000",C0556354,R23120233
100035807031C05510100000000000234,,기타,"2771025900",C0556354,R23120234
100035805023C05510100000000000235,,기타,"4888040000",C0556354,R23120235
100035806027C05510100000000000236,,기타,"2771026500",C0556354,R23120236
100035807021C05510100000000000237,,기타,"2771025900",C0556354,R23120237
100035706028C05510100000000000238,,기타,"5272035000",C0556354,R23120238
100035706030C05510100000000000239,,기타,"5274034000",C0556354,R23120239
100035706020C05510100000000000240,,기타,"5272035000",C0556354,R23120240
100035805016C05510100000000000241,,기타,"4889034000",C0556354,R23120241
100035706020C05510100000000000242,,기타,"5272025000",C0556354,R23120242
100035705004C05510100000000000243,,,"5221045000",C0556354,R23120243
100035707007C05510100000000000244,,기타,"4887038000",C0556354,R23120244
100035708006C05510100000000000245,,,"4888036000",C0556354,R23120245
100035707007C05510100000000000246,,기타,"5274033500",C0556354,R23120246
100035805003C05510100000000000247,,기타,"4888040000",C0556354,R23120247
100035707010C05510100000000000248,,기타,"4888034000",C0556354,R23120248
100035704094C05510100000000000249,,기타,"4888035000",C0556354,R23120249
100035704092C05510100000000000250,,기타,"4888035000",C0556354,R23120250
100035701092C05510100000000000251,,,"5221045000",C0556354,R23120251
100035704093C05510100000000000252,,기타,"4888034000",C0556354,R23120252
100035801092C05510100000000000253,,기타,"4888041000",C0556354,R23120253
100035802097C05510100000000000254,,,"2771025300",C0556354,R23120254
100035801097C05510100000000000255,,기타,"4783031000",C0556354,R23120255
100035701088C05510100000000000256,,,"5271032000",C0556354,R23120256
100035701087C05510100000000000257,,,"5271035000",C0556354,R23120257
100035702083C05510100000000000258,,,"5272038000",C0556354,R23120258
100035802084C05510100000000000259,,기타,"4783032000",C0556354,R23120259
100035702081C05510100000000000260,,,"5271034000",C0556354,R23120260
100035902084C05510100000000000261,,,"4713013400",C0556354,R23120261
100035704075C05510100000000000262,,기타,"4888033000",C0556354,R23120262
100035801073C05510100000000000263,,기타,"4889033000",C0556354,R23120263
100035801073C05510100000000000264,,기타,"4889033000",C0556354,R23120264
100035704071C05510100000000000265,,기타,"4888034000",C0556354,R23120265
100035803074C05510100000000000266,,기타,"2720010200",C0556354,R23120266
100035803074C05510100000000000267,,기타,"2720010200",C0556354,R23120267
100035704078C05510100000000000268,,기타,"4888032000",C0556354,R23120268
100035704076C05510100000000000269,,기타,"4888033000",C0556354,R23120269
100035803074C05510100000000000270,,기타,"2720010300",C0556354,R23120270
100035701080C05510100000000000271,,,"5271032000",C0556354,R23120271
100035704077C05510100000000000272,,기타,"4888032000",C0556354,R23120272
100035803078C05510100000000000273,,,"2726011900",C0556354,R23120273
100035801075C05510100000000000274,,기타,"4889033000",C0556354,R23120274
100035801061C05510100000000000275,,기타,"4888041000",C0556354,R23120275
100035801064C05510100000000000276,,기타,"4784034000",C0556354,R23120276
100035902080C05510100000000000277,,기타,"4713025000",C0556354,R23120277
100035704067C05510100000000000278,,기타,"4888032000",C0556354,R23120278
100035704062C05510100000000000279,,기타,"5273032000",C0556354,R23120279
100035704058C05510100000000000280,,기타,"4715044000",C0556354,R23120280
100035801056C05510100000000000281,,기타,"4784034000",C0556354,R23120281
100035801055C05510100000000000282,,기타,"4784034000",C0556354,R23120282
100035704056C05510100000000000283,,기타,"4888033000",C0556354,R23120283
100035902069C05510100000000000284,,,"4713031500",C0556354,R23120284
100035704053C05510100000000000285,,기타,"5273032000",C0556354,R23120285
100035902057C05510100000000000286,,기타,"4713031500",C0556354,R23120286
100035704055C05510100000000000287,,기타,"4888033000",C0556354,R23120287
100035802059C05510100000000000288,,,"2771025600",C0556354,R23120288
100035704041C05510100000000000289,,기타,"5273032000",C0556354,R23120289
100035902060C05510100000000000290,,,"4711133000",C0556354,R23120290
100035801044C05510100000000000291,,기타,"4784035000",C0556354,R23120291
100035902060C05510100000000000292,,,"4711133000",C0556354,R23120292
100035902058C05510100000000000293,,기타,"4711133000",C0556354,R23120293
100035902060C05510100000000000294,,기타,"4711133000",C0556354,R23120294
100035704049C05510100000000000295,,기타,"4715044000",C0556354,R23120295
100035803041C05510100000000000296,,기타,"2717010400",C0556354,R23120296
100035801045C05510100000000000297,,기타,"4784034000",C0556354,R23120297
100035601044C05510100000000000298,,기타,"5213039000",C0556354,R23120298
100035601043C05510100000000000299,,기타,"5213039000",C0556354,R23120299
100035803042C05510100000000000300,,,"2723012900",C0556354,R23120300
100035704032C05510100000000000301,,기타,"5273032000",C0556354,R23120301
100035704038C05510100000000000302,,기타,"4715044000",C0556354,R23120302
100035704037C05510100000000000303,,기타,"4715044000",C0556354,R23120303
100035902046C05510100000000000304,,,"4711125600",C0556354,R23120304
100035802031C05510100000000000305,,기타,"4784036000",C0556354,R23120305
100035902038C05510100000000000306,,,"4711133000",C0556354,R23120306
100035704033C05510100000000000307,,기타,"5273031000",C0556354,R23120307
100035704036C05510100000000000308,,기타,"4715044000",C0556354,R23120308
100035704036C05510100000000000309,,기타,"5273031000",C0556354,R23120309
100035803023C05510100000000000310,,기타,"2723011600",C0556354,R23120310
100035704012C05510100000000000311,,기타,"5273032000",C0556354,R23120311
100035701015C05510100000000000312,익산산림항공관리소,기타,"5214041000",C0556354,R23120312
100035801016C05510100000000000313,,기타,"4784035000",C0556354,R23120313
100035704013C05510100000000000314,,기타,"5273032000",C0556354,R23120314
100035801017C05510100000000000315,,기타,"4715040000",C0556354,R23120315
100035803010C05510100000000000316,,기타,"2714013300",C0556354,R23120316
100035704006C05510100000000000317,,기타,"4715043000",C0556354,R23120317
100035704006C05510100000000000318,,기타,"5273031000",C0556354,R23120318
100035704004C05510100000000000319,,기타,"5273031000",C0556354,R23120319
100035704005C05510100000000000320,,기타,"5273032000",C0556354,R23120320
100035803005C05510100000000000321,,기타,"4785032000",C0556354,R23120321
100035802006C05510100000000000322,,기타,"4785037000",C0556354,R23120322
100035803008C05510100000000000323,,기타,"2714013700",C0556354,R23120323
100036814096C05510100000000000324,,,"4785036000",C0556354,R23120324
100036714092C05510100000000000325,,,"5271036000",C0556354,R23120325
100036713093C05510100000000000326,,기타,"5214040000",C0556354,R23120326
100036814099C05510100000000000327,,기타,"4785025600",C0556354,R23120327
100036914094C05510100000000000328,,,"4711111600",C0556354,R23120328
100036914094C05510100000000000329,,,"4711111600",C0556354,R23120329
100036816086C05510100000000000330,,기타,"4723033000",C0556354,R23120330
100036713085C05510100000000000331,,,"5214039000",C0556354,R23120331
100036713086C05510100000000000332,,,"5271037000",C0556354,R23120332
100036913080C05510100000000000333,,,"4711334000",C0556354,R23120333
100036814068C05510100000000000334,,,"4719012000",C0556354,R23120334
100036814062C05510100000000000335,,,"4719010800",C0556354,R23120335
100036814057C05510100000000000336,,,"4719012300",C0556354,R23120336
100036814055C05510100000000000337,,,"4719011100",C0556354,R23120337
100036714043C05510100000000000338,,,"4423038000",C0556354,R23120338
100036714039C05510100000000000339,,,"4471031000",C0556354,R23120339
100036816039C05510100000000000340,,기타,"4775034000",C0556354,R23120340
100036713039C05510100000000000341,,,"4423039000",C0556354,R23120341
100036713025C05510100000000000342,,,"4423041000",C0556354,R23120342
100036713025C05510100000000000343,,,"4423041000",C0556354,R23120343
100036713025C05510100000000000344,,,"4423041000",C0556354,R23120344
100036713025C05510100000000000345,,,"4423041000",C0556354,R23120345
100036714028C05510100000000000346,,,"4471039000",C0556354,R23120346
100036816023C05510100000000000347,,기타,"2772037000",C0556354,R23120347
100036715007C05510100000000000348,,,"4374040000",C0556354,R23120348
100036715008C05510100000000000349,,,"4373036000",C0556354,R23120349
100036715010C05510100000000000350,,,"4374040000",C0556354,R23120350
100036914002C05510100000000000351,,,"4711333000",C0556354,R23120351
100036711082C05510100000000000352,,기타,"4373025000",C0556354,R23120352
100036610081C05510100000000000353,,,"4418032000",C0556354,R23120353
100036712087C05510100000000000354,,기타,"4725038000",C0556354,R23120354
100036710087C05510100000000000355,,,"3014010800",C0556354,R23120355
100036611072C05510100000000000356,,,"4418011000",C0556354,R23120356
100036610081C05510100000000000357,,,"4418032000",C0556354,R23120357
100036612072C05510100000000000358,,기타,"4476034000",C0556354,R23120358
100036612072C05510100000000000359,,기타,"4476034000",C0556354,R23120359
100036611062C05510100000000000360,,,"4418011000",C0556354,R23120360
100036611066C05510100000000000361,,,"4418035000",C0556354,R23120361
100036709060C05510100000000000362,,,"4415034000",C0556354,R23120362
100036709060C05510100000000000363,,,"4415034000",C0556354,R23120363
100036712052C05510100000000000364,,기타,"4373035000",C0556354,R23120364
100036709058C05510100000000000365,,,"4415033000",C0556354,R23120365
100036611052C05510100000000000366,,,"4418041000",C0556354,R23120366
100036809056C05510100000000000367,,,"4725011500",C0556354,R23120367
100036710046C05510100000000000368,,,"3020014000",C0556354,R23120368
100036612036C05510100000000000369,,기타,"4479036000",C0556354,R23120369
100036809039C05510100000000000370,,,"4725012400",C0556354,R23120370
100036909023C05510100000000000371,청송군보건의료원헬기장,,"4775025000",C0556354,R23120371
100036710018C05510100000000000372,,,"4311232000",C0556354,R23120372
100036611017C05510100000000000373,,,"4480034000",C0556354,R23120373
100036711008C05510100000000000374,,,"4372036000",C0556354,R23120374
100036909007C05510100000000000375,,기타,"4777034000",C0556354,R23120375
100036606098C05510100000000000376,,,"4480037000",C0556354,R23120376
100036705098C05510100000000000377,,,"3611035000",C0556354,R23120377
100036705096C05510100000000000378,,,"4415036000",C0556354,R23120378
100036608086C05510100000000000379,,기타,"4415040000",C0556354,R23120379
100036906098C05510100000000000380,,,"4777035000",C0556354,R23120380
100036807090C05510100000000000381,,,"4717037000",C0556354,R23120381
100036705083C05510100000000000382,,,"4415038000",C0556354,R23120382
100036705083C05510100000000000383,,,"4415039000",C0556354,R23120383
100036708085C05510100000000000384,,기타,"4725042000",C0556354,R23120384
100036705083C05510100000000000385,,,"4415038000",C0556354,R23120385
100036807089C05510100000000000386,,,"4717014100",C0556354,R23120386
100036808090C05510100000000000387,,,"4775037000",C0556354,R23120387
100036906072C05510100000000000388,,,"4777038000",C0556354,R23120388
100036708075C05510100000000000389,,기타,"4725042000",C0556354,R23120389
100036705074C05510100000000000390,,,"4415037000",C0556354,R23120390
100036705072C05510100000000000391,,,"4415039000",C0556354,R23120391
100036705068C05510100000000000392,,,"4415036000",C0556354,R23120392
100036805070C05510100000000000393,,,"4728031000",C0556354,R23120393
100036606062C05510100000000000394,,,"4482532000",C0556354,R23120394
100036705061C05510100000000000395,,,"4415025000",C0556354,R23120395
100036805068C05510100000000000396,,,"4725025000",C0556354,R23120396
100036805065C05510100000000000397,,,"4725046000",C0556354,R23120397
100036705063C05510100000000000398,,,"4415037000",C0556354,R23120398
100036805065C05510100000000000399,,,"4725046000",C0556354,R23120399
100036705052C05510100000000000400,,,"4415039000",C0556354,R23120400
100036708052C05510100000000000401,,기타,"4376036000",C0556354,R23120401
100036708052C05510100000000000402,,기타,"4376036000",C0556354,R23120402
100036708054C05510100000000000403,,기타,"4376036000",C0556354,R23120403
100036905058C05510100000000000404,,,"4776025000",C0556354,R23120404
100036708048C05510100000000000405,,기타,"4376036000",C0556354,R23120405
100036808053C05510100000000000406,,,"4717031000",C0556354,R23120406
100036708049C05510100000000000407,,기타,"4728037000",C0556354,R23120407
100036708043C05510100000000000408,,기타,"4376036000",C0556354,R23120408
100036707048C05510100000000000409,,,"4311132000",C0556354,R23120409
100036708043C05510100000000000410,,기타,"4376036000",C0556354,R23120410
100036708044C05510100000000000411,,기타,"4376036000",C0556354,R23120411
100036708034C05510100000000000412,,기타,"4376036000",C0556354,R23120412
100036906045C05510100000000000413,,,"4777038000",C0556354,R23120413
100036707031C05510100000000000414,,기타,"4311410500",C0556354,R23120414
100036706023C05510100000000000415,,,"4311332000",C0556354,R23120415
100036708029C05510100000000000416,,기타,"4728025300",C0556354,R23120416
100036708029C05510100000000000417,,기타,"4728025300",C0556354,R23120417
100036905025C05510100000000000418,,,"4776033000",C0556354,R23120418
100036805021C05510100000000000419,,,"4728025300",C0556354,R23120419
100036707015C05510100000000000420,,기타,"4311132000",C0556354,R23120420
100036708020C05510100000000000421,,기타,"4728025300",C0556354,R23120421
100036906029C05510100000000000422,,,"4793038000",C0556354,R23120422
100036808020C05510100000000000423,,,"4717041000",C0556354,R23120423
100036707017C05510100000000000424,,,"4311132000",C0556354,R23120424
100036705014C05510100000000000425,,,"4420025300",C0556354,R23120425
100036705014C05510100000000000426,,,"4420025300",C0556354,R23120426
100036705003C05510100000000000427,,,"4420025300",C0556354,R23120427
100036805001C05510100000000000428,,기타,"4376033000",C0556354,R23120428
100036905002C05510100000000000429,영양군응급의료전용헬기착륙장,,"4776032000",C0556354,R23120429
100036807010C05510100000000000430,,기타,"4717043000",C0556354,R23120430
100036608009C05510100000000000431,,,"4420041000",C0556354,R23120431
100036608009C05510100000000000432,,,"4420041000",C0556354,R23120432
100036608009C05510100000000000433,,,"4420041000",C0556354,R23120433
100036808009C05510100000000000434,,,"4717041000",C0556354,R23120434
100036704096C05510100000000000435,,기타,"4376034000",C0556354,R23120435
100036905009C05510100000000000436,,,"4776034000",C0556354,R23120436
100036603095C05510100000000000437,,,"4421038000",C0556354,R23120437
100036602098C05510100000000000438,,,"4421010900",C0556354,R23120438
100036602098C05510100000000000439,,,"4421010900",C0556354,R23120439
100036602092C05510100000000000440,,,"4482525000",C0556354,R23120440
100036601088C05510100000000000441,,,"4482534000",C0556354,R23120441
100036704067C05510100000000000442,,기타,"4376031000",C0556354,R23120442
100036702067C05510100000000000443,,,"4375025000",C0556354,R23120443
100036902061C05510100000000000444,,,"4776034000",C0556354,R23120444
100036603063C05510100000000000445,,,"4427034000",C0556354,R23120445
100036604068C05510100000000000446,,,"4420025000",C0556354,R23120446
100036902066C05510100000000000447,,,"4793035000",C0556354,R23120447
100036602058C05510100000000000448,,,"4421034000",C0556354,R23120448
100036602058C05510100000000000449,,,"4421034000",C0556354,R23120449
100036602058C05510100000000000450,,,"4421034000",C0556354,R23120450
100036801045C05510100000000000451,,기타,"4315034000",C0556354,R23120451
100036603035C05510100000000000452,당진종합운동장,,"4427031000",C0556354,R23120452
100036704008C05510100000000000453,,기타,"4313011800",C0556354,R23120453
100036804003C05510100000000000454,,,"4792034000",C0556354,R23120454
100036603010C05510100000000000455,,,"4427025300",C0556354,R23120455
100036902006C05510100000000000456,,,"4793025000",C0556354,R23120456
100036902007C05510100000000000457,,,"4793025000",C0556354,R23120457
100036602004C05510100000000000458,,,"4421025000",C0556354,R23120458
100036902002C05510100000000000459,,,"4793031000",C0556354,R23120459
100037816091C05510100000000000460,,기타,"4792031000",C0556354,R23120460
100036902002C05510100000000000461,,,"4793025000",C0556354,R23120461
100037816091C05510100000000000462,,기타,"4792031000",C0556354,R23120462
100037816097C05510100000000000463,,기타,"4792034000",C0556354,R23120463
100037714091C05510100000000000464,,,"4155012500",C0556354,R23120464
100037914093C05510100000000000465,,기타,"4793025000",C0556354,R23120465
100037816081C05510100000000000466,,기타,"4792034000",C0556354,R23120466
100037516090C05510100000000000467,,,"2872035000",C0556354,R23120467
100037616081C05510100000000000468,,,"4159025600",C0556354,R23120468
100037716085C05510100000000000469,,기타,"4313038500",C0556354,R23120469
100037614088C05510100000000000470,,,"4427032000",C0556354,R23120470
100037913073C05510100000000000471,석포면응급의료전용헬기착륙장,,"4792039000",C0556354,R23120471
100037913080C05510100000000000472,,기타,"4793031000",C0556354,R23120472
100037815077C05510100000000000473,,기타,"4721039000",C0556354,R23120473
100037913075C05510100000000000474,,기타,"4792039000",C0556354,R23120474
100037613071C05510100000000000475,,,"2872035000",C0556354,R23120475
100037914078C05510100000000000476,,기타,"4793037000",C0556354,R23120476
100037913077C05510100000000000477,,기타,"4792039000",C0556354,R23120477
100037914073C05510100000000000478,,기타,"4793031000",C0556354,R23120478
100037716066C05510100000000000479,,기타,"4313042000",C0556354,R23120479
100037913070C05510100000000000480,,기타,"4793031000",C0556354,R23120480
100037516068C05510100000000000481,,,"2872035000",C0556354,R23120481
100037913070C05510100000000000482,,기타,"4793031000",C0556354,R23120482
100037813067C05510100000000000483,,,"4315025000",C0556354,R23120483
100037516069C05510100000000000484,,,"2872035000",C0556354,R23120484
100037816067C05510100000000000485,,,"4792039000",C0556354,R23120485
100037716055C05510100000000000486,,기타,"4313043000",C0556354,R23120486
100037813056C05510100000000000487,,,"4315025000",C0556354,R23120487
100037813056C05510100000000000488,,,"4315025000",C0556354,R23120488
100037816057C05510100000000000489,,기타,"5119010800",C0556354,R23120489
100037914062C05510100000000000490,,기타,"4793031000",C0556354,R23120490
100037816058C05510100000000000491,,기타,"5119010700",C0556354,R23120491
100037713046C05510100000000000492,,,"4146125900",C0556354,R23120492
100037813045C05510100000000000493,,기타,"4315025000",C0556354,R23120493
100037914053C05510100000000000494,,기타,"4793031000",C0556354,R23120494
100037816050C05510100000000000495,,기타,"5119010500",C0556354,R23120495
100037816043C05510100000000000496,,기타,"5175025300",C0556354,R23120496
100037914041C05510100000000000497,,기타,"5123025300",C0556354,R23120497
100037715038C05510100000000000498,,기타,"4167031000",C0556354,R23120498
100037714039C05510100000000000499,,,"4150036000",C0556354,R23120499
100037816046C05510100000000000500,,기타,"5119010800",C0556354,R23120500
100037815033C05510100000000000501,,기타,"5175025000",C0556354,R23120501
100037816040C05510100000000000502,,기타,"5119010100",C0556354,R23120502
100037814035C05510100000000000503,,기타,"5175034000",C0556354,R23120503
100037614033C05510100000000000504,,,"2872037000",C0556354,R23120504
100037613035C05510100000000000505,,,"2872035000",C0556354,R23120505
100037613035C05510100000000000506,,,"2872035000",C0556354,R23120506
100037816024C05510100000000000507,,기타,"5177025300",C0556354,R23120507
100037814029C05510100000000000508,,,"5175025000",C0556354,R23120508
100037614021C05510100000000000509,,,"2872037000",C0556354,R23120509
100037816024C05510100000000000510,,기타,"5177025300",C0556354,R23120510
100037613029C05510100000000000511,,,"2872037000",C0556354,R23120511
100037815027C05510100000000000512,,기타,"5177025900",C0556354,R23120512
100037716013C05510100000000000513,,기타,"5113035000",C0556354,R23120513
100037816028C05510100000000000514,,기타,"5119010900",C0556354,R23120514
100037716013C05510100000000000515,,기타,"5113035000",C0556354,R23120515
100037716018C05510100000000000516,,기타,"5113036000",C0556354,R23120516
100037816017C05510100000000000517,,기타,"5177025300",C0556354,R23120517
100037815016C05510100000000000518,,기타,"5177025900",C0556354,R23120518
100037816011C05510100000000000519,,기타,"5177032000",C0556354,R23120519
100037815013C05510100000000000520,,기타,"5175025000",C0556354,R23120520
100037613018C05510100000000000521,,,"2872035000",C0556354,R23120521
100037815014C05510100000000000522,,기타,"5175031200",C0556354,R23120522
100037613015C05510100000000000523,,,"2872035000",C0556354,R23120523
100037814003C05510100000000000524,,,"5175035500",C0556354,R23120524
100037716008C05510100000000000525,,기타,"4315036000",C0556354,R23120525
100037716006C05510100000000000526,,기타,"5113037000",C0556354,R23120526
100037614003C05510100000000000527,,,"2872037000",C0556354,R23120527
100037809092C05510100000000000528,,기타,"5113039000",C0556354,R23120528
100037812099C05510100000000000529,,기타,"5119011400",C0556354,R23120529
100037612098C05510100000000000530,,기타,"4159031000",C0556354,R23120530
100037812094C05510100000000000531,,기타,"5177025600",C0556354,R23120531
100037809095C05510100000000000532,,,"5113039000",C0556354,R23120532
100037812081C05510100000000000533,,기타,"5177032000",C0556354,R23120533
100037812082C05510100000000000534,,기타,"5177032000",C0556354,R23120534
100037612083C05510100000000000535,,기타,"-",C0556354,R23120535
100037116005C05510100000000000536,,기타,"4794025000",C0556354,R23120536
100037709061C05510100000000000537,,,"4111113800",C0556354,R23120537
100037812071C05510100000000000538,,기타,"5177036000",C0556354,R23120538
100037812074C05510100000000000539,,기타,"5177036000",C0556354,R23120539
100037709061C05510100000000000540,광교산헬기장,,"4111112900",C0556354,R23120540
100037612067C05510100000000000541,,,"4141010700",C0556354,R23120541
100037809062C05510100000000000542,,기타,"5113011400",C0556354,R23120542
100037810061C05510100000000000543,,기타,"5175038000",C0556354,R23120543
100037712059C05510100000000000544,,,"5113011300",C0556354,R23120544
100037712059C05510100000000000545,,,"5113011200",C0556354,R23120545
100037809053C05510100000000000546,,기타,"5173038000",C0556354,R23120546
100037809053C05510100000000000547,,기타,"5173038000",C0556354,R23120547
100037809053C05510100000000000548,,기타,"5173038000",C0556354,R23120548
100037809052C05510100000000000549,,,"5113031000",C0556354,R23120549
100037612057C05510100000000000550,,,"4141010400",C0556354,R23120550
100037809047C05510100000000000551,,기타,"5173038000",C0556354,R23120551
100037910041C05510100000000000552,,기타,"5123031000",C0556354,R23120552
100037909044C05510100000000000553,,기타,"5123034000",C0556354,R23120553
100037811043C05510100000000000554,,기타,"5177025000",C0556354,R23120554
100037809043C05510100000000000555,,기타,"5113031000",C0556354,R23120555
100037610047C05510100000000000556,,,"2811015200",C0556354,R23120556
100037809032C05510100000000000557,,,"5113031000",C0556354,R23120557
100037811031C05510100000000000558,,,"5176031000",C0556354,R23120558
100037709032C05510100000000000559,,,"4143010800",C0556354,R23120559
100037709032C05510100000000000560,,,"4143010800",C0556354,R23120560
100037909034C05510100000000000561,,기타,"5123034000",C0556354,R23120561
100037612039C05510100000000000562,,기타,"4129010300",C0556354,R23120562
100037812031C05510100000000000563,,기타,"5177035000",C0556354,R23120563
100037709024C05510100000000000564,,,"4113111200",C0556354,R23120564
100037812029C05510100000000000565,,기타,"5117012400",C0556354,R23120565
100037612028C05510100000000000566,,기타,"1162010200",C0556354,R23120566
100037612018C05510100000000000567,,기타,"1162010200",C0556354,R23120567
100037612018C05510100000000000568,,기타,"1162010200",C0556354,R23120568
100037709014C05510100000000000569,,,"4113111100",C0556354,R23120569
100037711013C05510100000000000570,,기타,"4183040000",C0556354,R23120570
100037709018C05510100000000000571,,,"4161037000",C0556354,R23120571
100037612017C05510100000000000572,,기타,"1162010200",C0556354,R23120572
100037809016C05510100000000000573,,,"5173032000",C0556354,R23120573
100037809016C05510100000000000574,,,"5173032000",C0556354,R23120574
100037610020C05510100000000000575,,,"2811014700",C0556354,R23120575
100037612019C05510100000000000576,,기타,"1162010100",C0556354,R23120576
100037612002C05510100000000000577,,,"4119410200",C0556354,R23120577
100037612002C05510100000000000578,,,"4119410200",C0556354,R23120578
100037611003C05510100000000000579,,,"2811014600",C0556354,R23120579
100037612002C05510100000000000580,,,"4119410200",C0556354,R23120580
100037811006C05510100000000000581,,기타,"5177034000",C0556354,R23120581
100037811008C05510100000000000582,,기타,"5177034000",C0556354,R23120582
100037611001C05510100000000000583,,,"2811014600",C0556354,R23120583
100037809006C05510100000000000584,,,"5173031000",C0556354,R23120584
100037812002C05510100000000000585,,기타,"5177035000",C0556354,R23120585
100037812010C05510100000000000586,,기타,"5177035000",C0556354,R23120586
100037608092C05510100000000000587,,,"4119210100",C0556354,R23120587
100037608092C05510100000000000588,,,"4119210300",C0556354,R23120588
100037608092C05510100000000000589,,,"4119210300",C0556354,R23120589
100037707100C05510100000000000590,,기타,"4183037000",C0556354,R23120590
100037707092C05510100000000000591,,기타,"4183025000",C0556354,R23120591
100037607100C05510100000000000592,,,"4119210900",C0556354,R23120592
100037607100C05510100000000000593,,,"4119210900",C0556354,R23120593
100037708096C05510100000000000594,,,"5173037000",C0556354,R23120594
100037607099C05510100000000000595,,,"2823710300",C0556354,R23120595
100037607099C05510100000000000596,,,"2823710300",C0556354,R23120596
100037012045C05510100000000000597,,기타,"4794025000",C0556354,R23120597
100037806092C05510100000000000598,,기타,"5173033000",C0556354,R23120598
100037806092C05510100000000000599,,기타,"5176034000",C0556354,R23120599
100037807095C05510100000000000600,,기타,"5177034000",C0556354,R23120600
100037806092C05510100000000000601,,기타,"5176034000",C0556354,R23120601
100037707082C05510100000000000602,,기타,"4183025000",C0556354,R23120602
100037607097C05510100000000000603,,,"2826010800",C0556354,R23120603
100037607097C05510100000000000604,,,"2826010800",C0556354,R23120604
100037607097C05510100000000000605,,,"2826010800",C0556354,R23120605
100037607097C05510100000000000606,,,"2826010800",C0556354,R23120606
100037607097C05510100000000000607,,,"2826010800",C0556354,R23120607
100037607097C05510100000000000608,,,"2826010800",C0556354,R23120608
100037012036C05510100000000000609,,기타,"4794025000",C0556354,R23120609
100037807089C05510100000000000610,,기타,"5177037000",C0556354,R23120610
100037012037C05510100000000000611,,기타,"4794025000",C0556354,R23120611
100037807089C05510100000000000612,,기타,"5177037000",C0556354,R23120612
100037708084C05510100000000000613,,,"5173037000",C0556354,R23120613
100037707083C05510100000000000614,,기타,"4183040000",C0556354,R23120614
100037806087C05510100000000000615,,기타,"5176035000",C0556354,R23120615
100037808081C05510100000000000616,,기타,"5177037000",C0556354,R23120616
100037905081C05510100000000000617,,기타,"5117013500",C0556354,R23120617
100037607079C05510100000000000618,,기타,"2824512200",C0556354,R23120618
100037905083C05510100000000000619,,기타,"5117011000",C0556354,R23120619
100037607079C05510100000000000620,,기타,"2826010500",C0556354,R23120620
100037807076C05510100000000000621,,기타,"5176036000",C0556354,R23120621
100037707072C05510100000000000622,,기타,"4183034000",C0556354,R23120622
100037012026C05510100000000000623,,기타,"4794032000",C0556354,R23120623
100037707080C05510100000000000624,,기타,"4183037000",C0556354,R23120624
100037705075C05510100000000000625,,,"1121510100",C0556354,R23120625
100037707063C05510100000000000626,,기타,"4183040000",C0556354,R23120626
100037806062C05510100000000000627,,기타,"5176034000",C0556354,R23120627
100037608065C05510100000000000628,,,"4128113100",C0556354,R23120628
100037808069C05510100000000000629,,기타,"5115035000",C0556354,R23120629
100037808061C05510100000000000630,,기타,"5115032000",C0556354,R23120630
100037707063C05510100000000000631,,기타,"4182031000",C0556354,R23120631
100037807065C05510100000000000632,,기타,"5176036000",C0556354,R23120632
100037805064C05510100000000000633,,기타,"5173034000",C0556354,R23120633
100037808064C05510100000000000634,,기타,"5115032000",C0556354,R23120634
100037805060C05510100000000000635,,기타,"5173035000",C0556354,R23120635
100037806059C05510100000000000636,,기타,"5176035000",C0556354,R23120636
100037807057C05510100000000000637,,기타,"5176038000",C0556354,R23120637
100037806059C05510100000000000638,,기타,"5176035000",C0556354,R23120638
100037807057C05510100000000000639,,기타,"5176038000",C0556354,R23120639
100037805051C05510100000000000640,,,"5173036000",C0556354,R23120640
100037807060C05510100000000000641,,,"5115032000",C0556354,R23120641
100037608051C05510100000000000642,,,"4157025300",C0556354,R23120642
100037607055C05510100000000000643,,기타,"4157025600",C0556354,R23120643
100037608049C05510100000000000644,,,"1111018200",C0556354,R23120644
100037607045C05510100000000000645,,,"4157025600",C0556354,R23120645
100037805044C05510100000000000646,,기타,"5173034000",C0556354,R23120646
100037607043C05510100000000000647,,,"4157034000",C0556354,R23120647
100037608050C05510100000000000648,,,"1129013300",C0556354,R23120648
100037607044C05510100000000000649,,,"4157034000",C0556354,R23120649
100037608047C05510100000000000650,,,"4128111200",C0556354,R23120650
100037707048C05510100000000000651,,기타,"5172037000",C0556354,R23120651
100037707048C05510100000000000652,,기타,"5172037000",C0556354,R23120652
100037805032C05510100000000000653,,기타,"5172035200",C0556354,R23120653
100037807048C05510100000000000654,,,"5176038000",C0556354,R23120654
100037807037C05510100000000000655,,기타,"5176038000",C0556354,R23120655
100037806031C05510100000000000656,,기타,"5172034000",C0556354,R23120656
100037705034C05510100000000000657,,,"1135010600",C0556354,R23120657
100037807038C05510100000000000658,,기타,"5176038000",C0556354,R23120658
100037807038C05510100000000000659,,기타,"5176038000",C0556354,R23120659
100037807038C05510100000000000660,,기타,"5176038000",C0556354,R23120660
100037608040C05510100000000000661,,,"1130510400",C0556354,R23120661
100037806039C05510100000000000662,,기타,"5176035000",C0556354,R23120662
100037808038C05510100000000000663,,기타,"5115034000",C0556354,R23120663
100037705035C05510100000000000664,,,"4136011100",C0556354,R23120664
100037808038C05510100000000000665,,기타,"5115034000",C0556354,R23120665
100037807040C05510100000000000666,,기타,"5176038000",C0556354,R23120666
100037608028C05510100000000000667,,,"4163034000",C0556354,R23120667
100037608029C05510100000000000668,,,"4128110900",C0556354,R23120668
100037608028C05510100000000000669,,,"4163034000",C0556354,R23120669
100037608028C05510100000000000670,,,"4163034000",C0556354,R23120670
100037806027C05510100000000000671,,기타,"5176034000",C0556354,R23120671
100037608030C05510100000000000672,,,"4163034000",C0556354,R23120672
100037608030C05510100000000000673,,,"4163034000",C0556354,R23120673
100037808021C05510100000000000674,,기타,"5115031000",C0556354,R23120674
100037808022C05510100000000000675,,기타,"5115032000",C0556354,R23120675
100037806023C05510100000000000676,,기타,"5176034000",C0556354,R23120676
100037805011C05510100000000000677,,기타,"5172035200",C0556354,R23120677
100037705015C05510100000000000678,,,"4136031000",C0556354,R23120678
100037608014C05510100000000000679,,기타,"4128510900",C0556354,R23120679
100037707013C05510100000000000680,,기타,"4182031000",C0556354,R23120680
100037806018C05510100000000000681,,기타,"5172039000",C0556354,R23120681
100037807018C05510100000000000682,,기타,"5176038000",C0556354,R23120682
100037705017C05510100000000000683,,,"4136025300",C0556354,R23120683
100037805005C05510100000000000684,,기타,"5172031000",C0556354,R23120684
100037807020C05510100000000000685,,기타,"5115031000",C0556354,R23120685
100037708009C05510100000000000686,,,"5172031000",C0556354,R23120686
100037806009C05510100000000000687,,기타,"5176035000",C0556354,R23120687
100037705006C05510100000000000688,,,"4136025300",C0556354,R23120688
100037608004C05510100000000000689,,기타,"4148026200",C0556354,R23120689
100037604100C05510100000000000690,,,"4163025000",C0556354,R23120690
100037604098C05510100000000000691,,,"4163025000",C0556354,R23120691
100037701091C05510100000000000692,,기타,"4163010200",C0556354,R23120692
100037803097C05510100000000000693,,기타,"5176038000",C0556354,R23120693
100037804099C05510100000000000694,,,"5115013000",C0556354,R23120694
100037704086C05510100000000000695,,,"5172031000",C0556354,R23120695
100037803094C05510100000000000696,,기타,"5115037000",C0556354,R23120696
100037803084C05510100000000000697,,기타,"5115037000",C0556354,R23120697
100037803086C05510100000000000698,,기타,"5115037000",C0556354,R23120698
100037604088C05510100000000000699,,,"4163033000",C0556354,R23120699
100037803072C05510100000000000700,,기타,"5176036000",C0556354,R23120700
100037803073C05510100000000000701,,기타,"5176036000",C0556354,R23120701
100037803073C05510100000000000702,,기타,"5176036000",C0556354,R23120702
100037802080C05510100000000000703,,기타,"5172039000",C0556354,R23120703
100037701071C05510100000000000704,,기타,"4163033000",C0556354,R23120704
100037703074C05510100000000000705,,,"5111040000",C0556354,R23120705
100037803074C05510100000000000706,,기타,"5176036000",C0556354,R23120706
100037703062C05510100000000000707,,,"5111040000",C0556354,R23120707
100037703062C05510100000000000708,,,"5111040000",C0556354,R23120708
100037801066C05510100000000000709,,기타,"5172033000",C0556354,R23120709
100037803066C05510100000000000710,,기타,"5115037000",C0556354,R23120710
100037702058C05510100000000000711,,,"4182025000",C0556354,R23120711
100037704060C05510100000000000712,,기타,"5172032000",C0556354,R23120712
100037801057C05510100000000000713,,기타,"5172033000",C0556354,R23120713
100037701055C05510100000000000714,,기타,"4125011100",C0556354,R23120714
100037702060C05510100000000000715,,,"4182025000",C0556354,R23120715
100037802051C05510100000000000716,,,"5181035000",C0556354,R23120716
100037801056C05510100000000000717,,,"5172033000",C0556354,R23120717
100037701045C05510100000000000718,,기타,"4125011100",C0556354,R23120718
100037802041C05510100000000000719,,기타,"5181035000",C0556354,R23120719
100037701044C05510100000000000720,,기타,"4125011100",C0556354,R23120720
100037701047C05510100000000000721,,기타,"4165010300",C0556354,R23120721
100037703033C05510100000000000722,,,"4182035000",C0556354,R23120722
100037803036C05510100000000000723,,기타,"5183033000",C0556354,R23120723
100037803039C05510100000000000724,,기타,"5183034000",C0556354,R23120724
100037803034C05510100000000000725,,기타,"5183033000",C0556354,R23120725
100037803037C05510100000000000726,,기타,"5183033000",C0556354,R23120726
100037803040C05510100000000000727,,기타,"5183034000",C0556354,R23120727
100037703031C05510100000000000728,,기타,"4182035000",C0556354,R23120728
100037701038C05510100000000000729,,기타,"4165034000",C0556354,R23120729
100037701040C05510100000000000730,,기타,"4165034000",C0556354,R23120730
100037804033C05510100000000000731,,,"5115025000",C0556354,R23120731
100037703033C05510100000000000732,,,"4182035000",C0556354,R23120732
100037804033C05510100000000000733,,,"5183034000",C0556354,R23120733
100037804033C05510100000000000734,,,"5183034000",C0556354,R23120734
100037802032C05510100000000000735,,기타,"5181035000",C0556354,R23120735
100037803037C05510100000000000736,,기타,"5183033000",C0556354,R23120736
100037801025C05510100000000000737,,,"5181031000",C0556354,R23120737
100037803025C05510100000000000738,,기타,"5183033000",C0556354,R23120738
100037803028C05510100000000000739,,기타,"5183034000",C0556354,R23120739
100037703028C05510100000000000740,,기타,"5111035000",C0556354,R23120740
100037703021C05510100000000000741,,,"4182035000",C0556354,R23120741
100037703023C05510100000000000742,,기타,"4182035000",C0556354,R23120742
100037802014C05510100000000000743,,,"5181033000",C0556354,R23120743
100037703014C05510100000000000744,,기타,"5111036000",C0556354,R23120744
100037802015C05510100000000000745,,,"5181033000",C0556354,R23120745
100037703017C05510100000000000746,,기타,"5111035000",C0556354,R23120746
100037802018C05510100000000000747,,,"5181033000",C0556354,R23120747
100037703005C05510100000000000748,,기타,"5111036000",C0556354,R23120748
100037703010C05510100000000000749,,기타,"5111025000",C0556354,R23120749
100037703010C05510100000000000750,,기타,"5111025000",C0556354,R23120750
100037802002C05510100000000000751,,기타,"5181033000",C0556354,R23120751
100037802002C05510100000000000752,,기타,"5181033000",C0556354,R23120752
100038713095C05510100000000000753,,,"4180032000",C0556354,R23120753
100038713097C05510100000000000754,,,"4165035000",C0556354,R23120754
100038713096C05510100000000000755,,기타,"4180032000",C0556354,R23120755
100038713096C05510100000000000756,,기타,"4180032000",C0556354,R23120756
100038713095C05510100000000000757,,,"4180032000",C0556354,R23120757
100038715096C05510100000000000758,,기타,"5111036000",C0556354,R23120758
100038713094C05510100000000000759,,기타,"4180032000",C0556354,R23120759
100038714097C05510100000000000760,,,"4182035000",C0556354,R23120760
100038715091C05510100000000000761,,기타,"5179034000",C0556354,R23120761
100038714097C05510100000000000762,,,"4182035000",C0556354,R23120762
100038713089C05510100000000000763,,기타,"4165035000",C0556354,R23120763
100038715089C05510100000000000764,,기타,"5179032000",C0556354,R23120764
100038715082C05510100000000000765,,기타,"5179034000",C0556354,R23120765
100038713089C05510100000000000766,,기타,"4165036000",C0556354,R23120766
100038715085C05510100000000000767,,기타,"5111036000",C0556354,R23120767
100038716085C05510100000000000768,,기타,"5111038000",C0556354,R23120768
100038715085C05510100000000000769,,기타,"5111036000",C0556354,R23120769
100038715081C05510100000000000770,,기타,"5179034000",C0556354,R23120770
100038715090C05510100000000000771,,,"5179032000",C0556354,R23120771
100038715086C05510100000000000772,,기타,"5111036000",C0556354,R23120772
100038713088C05510100000000000773,,기타,"4165035000",C0556354,R23120773
100038715086C05510100000000000774,,기타,"5111036000",C0556354,R23120774
100038713089C05510100000000000775,,기타,"4165035000",C0556354,R23120775
100038713088C05510100000000000776,,기타,"4165035000",C0556354,R23120776
100038715086C05510100000000000777,,기타,"5111036000",C0556354,R23120777
100038814084C05510100000000000778,,기타,"5181025000",C0556354,R23120778
100038713088C05510100000000000779,,기타,"4165035000",C0556354,R23120779
100038713090C05510100000000000780,,기타,"4165039000",C0556354,R23120780
100038713090C05510100000000000781,,기타,"4165039000",C0556354,R23120781
100038716072C05510100000000000782,,,"5179031000",C0556354,R23120782
100038814071C05510100000000000783,,기타,"5181025000",C0556354,R23120783
100038713078C05510100000000000784,,기타,"4165035000",C0556354,R23120784
100038714079C05510100000000000785,,,"5179034000",C0556354,R23120785
100038715077C05510100000000000786,,기타,"5179032000",C0556354,R23120786
100038715077C05510100000000000787,,기타,"5179032000",C0556354,R23120787
100038715080C05510100000000000788,,기타,"5179032000",C0556354,R23120788
100038713080C05510100000000000789,,기타,"4165039000",C0556354,R23120789
100038715076C05510100000000000790,,기타,"5179032000",C0556354,R23120790
100038713079C05510100000000000791,,,"4165035000",C0556354,R23120791
100038713079C05510100000000000792,,,"4165035000",C0556354,R23120792
100038716078C05510100000000000793,,,"5180025000",C0556354,R23120793
100038813073C05510100000000000794,,,"5180031500",C0556354,R23120794
100038716072C05510100000000000795,,기타,"5179031000",C0556354,R23120795
100038713079C05510100000000000796,,,"4165035000",C0556354,R23120796
100038713079C05510100000000000797,,,"4165039000",C0556354,R23120797
100038814072C05510100000000000798,,기타,"5181025000",C0556354,R23120798
100038713074C05510100000000000799,,기타,"4180025000",C0556354,R23120799
100038713074C05510100000000000800,,기타,"4180025000",C0556354,R23120800
100038713068C05510100000000000801,,기타,"4180025000",C0556354,R23120801
100038713068C05510100000000000802,,기타,"4180025000",C0556354,R23120802
100038716068C05510100000000000803,,,"5180025000",C0556354,R23120803
100038716068C05510100000000000804,,,"5180025000",C0556354,R23120804
100038713070C05510100000000000805,,기타,"4165039000",C0556354,R23120805
100038714061C05510100000000000806,,기타,"4165039000",C0556354,R23120806
100038715069C05510100000000000807,,기타,"5179032000",C0556354,R23120807
100038713070C05510100000000000808,,기타,"4165039000",C0556354,R23120808
100038813068C05510100000000000809,,,"5181025000",C0556354,R23120809
100038716069C05510100000000000810,,,"5180025000",C0556354,R23120810
100038713066C05510100000000000811,,,"4180025000",C0556354,R23120811
100038813062C05510100000000000812,,기타,"5180031500",C0556354,R23120812
100038715061C05510100000000000813,,,"5179034000",C0556354,R23120813
100038716069C05510100000000000814,,,"5180025000",C0556354,R23120814
100038715061C05510100000000000815,,기타,"5179034000",C0556354,R23120815
100038813053C05510100000000000816,,,"5180031500",C0556354,R23120816
100038715058C05510100000000000817,,기타,"5179032000",C0556354,R23120817
100038713058C05510100000000000818,,,"4165040000",C0556354,R23120818
100038813053C05510100000000000819,,기타,"5180031500",C0556354,R23120819
100038813051C05510100000000000820,,기타,"5180031500",C0556354,R23120820
100038713056C05510100000000000821,,,"4180025000",C0556354,R23120821
100038813057C05510100000000000822,,,"5181025000",C0556354,R23120822
100038716058C05510100000000000823,,,"5180025000",C0556354,R23120823
100038713057C05510100000000000824,,기타,"4180025000",C0556354,R23120824
100038713057C05510100000000000825,,기타,"4165040000",C0556354,R23120825
100038713057C05510100000000000826,,,"4165040000",C0556354,R23120826
100038713050C05510100000000000827,,,"4165040000",C0556354,R23120827
100038813042C05510100000000000828,,,"5180031500",C0556354,R23120828
100038714043C05510100000000000829,,기타,"5178025600",C0556354,R23120829
100038815041C05510100000000000830,,기타,"5121011200",C0556354,R23120830
100038714041C05510100000000000831,,기타,"4165040000",C0556354,R23120831
100038813050C05510100000000000832,,,"5181032000",C0556354,R23120832
100038715047C05510100000000000833,,기타,"5179025000",C0556354,R23120833
100038815042C05510100000000000834,,기타,"5121011200",C0556354,R23120834
100038813039C05510100000000000835,,,"5181032000",C0556354,R23120835
100038814020C05510100000000000836,,기타,"5182033000",C0556354,R23120836
100038814020C05510100000000000837,,기타,"5182033000",C0556354,R23120837
100038814019C05510100000000000838,,기타,"5182033000",C0556354,R23120838
100038814009C05510100000000000839,,기타,"5182033000",C0556354,R23120839
100038814003C05510100000000000840,,기타,"5181034000",C0556354,R23120840
100038814010C05510100000000000841,,기타,"5182033000",C0556354,R23120841
100038815003C05510100000000000842,,기타,"5182033000",C0556354,R23120842
100038810098C05510100000000000843,,기타,"5182033000",C0556354,R23120843
100038810099C05510100000000000844,,기타,"5182033000",C0556354,R23120844
100038810096C05510100000000000845,,기타,"5182033000",C0556354,R23120845
100038810100C05510100000000000846,,기타,"5182033000",C0556354,R23120846
100038810085C05510100000000000847,,기타,"5182025000",C0556354,R23120847
100038811083C05510100000000000848,,기타,"5182033000",C0556354,R23120848
100038810086C05510100000000000849,,기타,"5182025000",C0556354,R23120849
100038811081C05510100000000000850,,기타,"5182033000",C0556354,R23120850
100038810088C05510100000000000851,,기타,"5182033000",C0556354,R23120851
100038810088C05510100000000000852,,기타,"5182025000",C0556354,R23120852
100038810089C05510100000000000853,,기타,"5182032000",C0556354,R23120853
100038810089C05510100000000000854,,기타,"5182032000",C0556354,R23120854
100038810079C05510100000000000855,,기타,"5182032000",C0556354,R23120855
100038810079C05510100000000000856,,기타,"5182032000",C0556354,R23120856
100038810079C05510100000000000857,,기타,"5182032000",C0556354,R23120857
100038810080C05510100000000000858,,기타,"5182032000",C0556354,R23120858
100038810079C05510100000000000859,,기타,"5182032000",C0556354,R23120859
100038810080C05510100000000000860,,기타,"5182032000",C0556354,R23120860
100038810076C05510100000000000861,,기타,"5182025000",C0556354,R23120861
100038810070C05510100000000000862,,기타,"5182032000",C0556354,R23120862
100038810070C05510100000000000863,,기타,"5182032000",C0556354,R23120863
100038810069C05510100000000000864,,기타,"5182025000",C0556354,R23120864
100038810069C05510100000000000865,,기타,"5182025000",C0556354,R23120865
100038810068C05510100000000000866,,기타,"5182025000",C0556354,R23120866
100038810069C05510100000000000867,,기타,"5182025000",C0556354,R23120867
100038810060C05510100000000000868,,기타,"5182032000",C0556354,R23120868
100035906078C05510100000000000869,,기타,"3117010700",C0556354,R23120869
100035906046C05510100000000000870,,기타,"3120010300",C0556354,R23120870
100035906031C05510100000000000871,,,"4713025900",C0556354,R23120871
100035906015C05510100000000000872,,기타,"4713032000",C0556354,R23120872
100035906095C05510100000000000873,,,"3114010700",C0556354,R23120873
100035910008C05510100000000000874,,기타,"3117010300",C0556354,R23120874
100035910016C05510100000000000875,,기타,"3171025000",C0556354,R23120875
100035910045C05510100000000000876,,기타,"3171025000",C0556354,R23120876
100035910081C05510100000000000877,,,"2671025900",C0556354,R23120877
