시도본부,기관명,주소,y좌표,x좌표,전화번호
서울,세종로119안전센터,서울특별시 종로구 율곡로 78(운니동 114-2),37.5770597,126.987755,02-6981-5740
서울,신교119안전센터,서울특별시 종로구 자하문로 93 (신교동),37.5842532,126.9700153,02-737-8119
서울,종로119안전센터,서울특별시 종로구 돈화문로 30 (묘동),37.5720436,126.9921744,02-747-7119
서울,연건119안전센터,서울특별시 종로구 대학로 91 (연건동),37.578306,127.0015342,02-747-8119
서울,신영119안전센터,서울특별시 종로구 진흥로 477 (신영동),37.6057461,126.9608274,02-391-0119
서울,숭인119안전센터,서울특별시 종로구 숭인동길 63 (숭인동),37.5777251,127.0216836,02-929-0921
서울,을지로119안전센터,서울특별시 중구 을지로45길 43(신당동),37.5669375,127.0120174,02-2235-0119
서울,무학119안전센터,서울특별시 중구 퇴계로 394 (무학동),37.5643336,127.0153099,02-2252-3311
서울,충무로119안전센터,서울특별시 중구 충무로 11(충무로3가),37.5651176,126.99278,02-2265-0119
서울,회현119안전센터,서울특별시 중구 소공로 30(회현동2가),37.5587309,126.9836726,02-775-0119
서울,신당119안전센터,서울특별시 중구 다산로8길 2(신당동),37.5528973,127.0096247,02-2238-0698
서울,구의119안전센터,서울특별시 광진구 광나루로 480 (구의동),37.5460406,127.0793223,02-6981-6768
서울,능동119안전센터,서울특별시 광진구 능동로 242 (능동),37.5532617,127.0836492,02-6981-6781
서울,중곡119안전센터,서울특별시 광진구 용마산로 150 (중곡동),37.5669059,127.0866312,02-6981-6791
서울,한강로119안전센터,서울특별시 용산구 한강대로 167 (한강로2가),37.5310177,126.9681999,02-6943-1520
서울,이태원119안전센터,서울특별시 용산구 이태원로 196 (이태원동),37.5371858,126.9890942,02-6943-1540
서울,후암119안전센터,서울특별시 용산구 후암로 34 (후암동),37.5489009,126.9778726,02-6943-1550
서울,이촌119안전센터,서울특별시 용산구 이촌로2가길 1 (이촌동),37.5300135,126.9534094,02-6943-1560
서울,서빙고119안전센터,서울특별시 용산구 서빙고로67길 7 (서빙고동),37.5207949,126.9949988,02-6943-1570
서울,장안119안전센터,서울특별시 동대문구 장한로 34 (장안동),37.5638684,127.0668088,02-6942-1350
서울,청량리119안전센터,서울특별시 동대문구 왕산로 299 (청량리동),37.5816221,127.0449024,02-6942-1360
서울,전농119안전센터,서울특별시 동대문구 황물로 3 (전농동),37.5762787,127.045993,02-6942-1365
서울,용두119안전센터,서울특별시 동대문구 왕산로 76 (용두동),37.574596,127.0358427,02-6942-1370
서울,휘경119안전센터,서울특별시 동대문구 망우로 106 (휘경동),37.5906151,127.0651286,02-6942-1375
서울,영등포119안전센터,서울특별시 영등포구 문래로 197 (영등포동4가),37.5183994,126.9041724,02-6981-7150
서울,여의도119안전센터,서울특별시 영등포구 의사당대로 162 (여의도동),37.5171833,126.9279612,02-783-0119
서울,당산119안전센터,서울특별시 영등포구 양평로 70-1 (당산동6가),37.535452,126.8991798,02-2633-0119
서울,대림119안전센터,서울특별시 영등포구 도림로 212 (신길동),37.4972617,126.9040471,02-846-0119
서울,신길119안전센터,서울특별시 영등포구 영등포로84길 31 (신길동),37.5103882,126.9221801,02-841-0119
서울,종암119안전센터,서울특별시 성북구 종암로27길 3 (종암동),37.6023364,127.0317849,02-6981-7351
서울,돈암119안전센터,서울특별시 성북구 보문로 192 (삼선동4가),37.5896877,127.0129667,02-6981-7361
서울,길음119안전센터,서울특별시 성북구 정릉로 321 (길음동),37.6073126,127.023926,02-6981-7372
서울,장위119안전센터,서울특별시 성북구 한천로 640 (장위동),37.6155823,127.0581467,02-6981-7383
서울,진관119안전센터,서울특별시 은평구 통일로 962 (진관동),37.6338132,126.9117734,02-6981-6151
서울,녹번119안전센터,서울특별시 은평구 은평로 245 (녹번동),37.6011215,126.9349966,02-6981-6171
서울,역촌119안전센터,서울특별시 은평구 갈현로 80 (역촌동),37.6021918,126.9113883,02-6981-6181
서울,수색119안전센터,서울특별시 은평구 수색로 320 (수색동),37.5851655,126.8898579,02-6981-6191
서울,삼성119안전센터,서울특별시 강남구 테헤란로 629 (삼성동),37.5102372,127.0668095,02-6981-7556
서울,영동119안전센터,서울특별시 강남구 도산대로 320 (논현동),37.5221047,127.0369213,02-517-5119
서울,역삼119안전센터,서울특별시 강남구 역삼로 236 (역삼동),37.4970886,127.0424324,02-557-0109
서울,수서119안전센터,서울특별시 강남구 광평로31길 6 (수서동),37.4848842,127.0928309,02-445-9019
서울,개포119안전센터,서울특별시 강남구 논현로 10길 19 (개포동),37.4747071,127.049878,02-577-2540
서울,세곡119안전센터,서울특별시 강남구 밤고개로 268 (율현동),37.4702276,127.1073746,02-451-0882
서울,반포119안전센터,서울특별시 서초구 사평대로 67 (반포동),37.4985816,126.9919593,02-534-0119
서울,방배119안전센터,서울특별시 서초구 남부순환로 2155 (방배동),37.4754583,126.9881976,02-582-0119
서울,양재119안전센터,서울특별시 서초구 동산로 9 (양재동),37.4694149,127.0408117,02-572-5523
서울,서초119안전센터,서울특별시 서초구 효령로 400 (서초동),37.4879992,127.0275872,02-3473-0119
서울,잠원119안전센터,서울특별시 서초구 서초중앙로29길 6 (반포동),37.4990385,127.0115884,02-532-7119
서울,우면119안전센터,서울특별시 서초구 남부순환로340길 49 (서초동),37.4795371,127.0218775,02-522-6119
서울,등촌119안전센터,서울특별시 강서구 양천로 550 (등촌동),37.558653,126.8532512,02-6981-5120
서울,화곡119안전센터,서울특별시 강서구 까치산로 49 (화곡동),37.5436252,126.8452115,02-6981-5170
서울,발산119안전센터,서울특별시 강서구 강서로 329 (내발산동),37.5586587,126.8278336,02-6981-5175
서울,방화119안전센터,서울특별시 강서구 금낭화로26길 10 (방화동),37.5797532,126.8142672,02-6981-5180
서울,개화119안전센터,서울특별시 강서구 개화동로19길 8 (개화동),37.5749282,126.8031114,02-6981-5185
서울,마곡119안전센터,서울특별시 강서구 마곡서로 9 (마곡동),37.5721932,126.8377803,02-6981-5190
서울,성내119안전센터,서울특별시 강동구 성내로 39 (성내동),37.5293802,127.1251007,02-6981-7750
서울,천호119안전센터,서울특별시 강동구 진황도로 37 (천호동),37.5385963,127.1313409,02-474-1721
서울,고덕119안전센터,서울특별시 강동구 양재대로156길 133 (고덕동),37.5571398,127.1520328,02-426-0431
서울,암사119안전센터,서울특별시 강동구 올림픽로 815 (암사동),37.5539463,127.1286231,02-429-0427
서울,길동119안전센터,서울특별시 강동구 천중로 215 (길동),37.5409201,127.1443067,02-487-6119
서울,강일119안전센터,서울특별시 강동구 고덕로98길 22 (강일동),37.5503059,127.1801769,02-6981-7790
서울,신수119안전센터,서울특별시 마포구 창전로 76 (신수동),37.5491344,126.9331735,02-6981-7930
서울,염리119안전센터,서울특별시 마포구 토정로 37길 27 (염리동),37.5416986,126.9455627,02-713-0965
서울,서교119안전센터,서울특별시 마포구 양화로 60 (서교동),37.550246,126.9155371,02-3143-2119
서울,성산119안전센터,서울특별시 마포구 월드컵북로 240 (성산동),37.5588893,126.9149149,02-304-0119
서울,공덕119안전센터,서울특별시 마포구 만리재옛길 82 (공덕동),37.5499976,126.9597335,02-3274-0976
서울,상암119안전센터,서울특별시 마포구 월드컵북로 42길 34 (상암동),37.5583362,126.9184644,02-309-5119
서울,방학119안전센터,서울특별시 도봉구 도봉로 666 (방학동),37.6640118,127.0433762,02-6981-8180
서울,도봉119안전센터,서울특별시 도봉구 도봉로 721 (방학동),37.6643604,127.0506042,02-6981-8182
서울,창동119안전센터,서울특별시 도봉구 해등로 25 (창동),37.6467239,127.0437181,02-6981-8184
서울,쌍문119안전센터,서울특별시 도봉구 노해로 152 (쌍문동),37.6540426,127.0341636,02-6981-8186
서울,수궁119안전센터,서울특별시 구로구 오리로 1285 (궁동),37.5003075,126.8289067,02-6981-6372
서울,고일119안전센터,서울특별시 구로구 경인로 408 (고척동),37.5011414,126.8625002,02-2619-0119
서울,고척119안전센터,서울특별시 구로구 고척로 195 (고척동),37.5048719,126.8548534,02-6981-6378
서울,구로119안전센터,서울특별시 구로구 구로동로 175 (구로동),37.4941895,126.8825369,02-6981-6384
서울,신도림119안전센터,서울특별시 구로구 경인로59길 57 (신도림동),37.5072878,126.881197,02-6981-6390
서울,공단119안전센터,서울특별시 구로구 디지털로34길 56 (구로동),37.4841839,126.8984241,02-6981-6396
서울,하계119안전센터,서울특별시 노원구 한글비석로1길 8 (하계동),37.6381116,127.0710884,02-6981-6940
서울,상계119안전센터,서울특별시 노원구 노원로26길 111 (상계동),37.6550171,127.0716009,02-6981-6969
서울,공릉119안전센터,서울특별시 노원구 화랑로 482 (공릉동),37.619019,127.0806814,02-6981-6979
서울,월계119안전센터,서울특별시 노원구 월계로 323 (월계동),37.6287746,127.0563772,02-6981-6989
서울,수락119안전센터,서울특별시 노원구 동일로 1694 (상계동),37.6797021,127.0557699,02-6981-6999
서울,관악119안전센터,서울특별시 관악구 관악로 97 (봉천동),37.4737788,126.9525378,02-6981-8340
서울,봉천119안전센터,서울특별시 관악구 은천로 54 (봉천동),37.4859095,126.9411007,02-886-0119
서울,신림119안전센터,서울특별시 관악구 봉천로 202 (신림동),37.4895941,126.9239739,02-874-0119
서울,난곡119안전센터,서울특별시 관악구 난곡로 243 (신림동),37.4756529,126.9160653,02-859-0119
서울,마천119안전센터,서울특별시 송파구 오금로51길 56 (마천동),37.4997988,127.1425822,02-6981-5343
서울,거여119안전센터,서울특별시 송파구 마천로 329 (마천동),37.492025,127.1566663,02-6981-5362
서울,방이119안전센터,서울특별시 송파구 강동대로 286 (방이동),37.5197539,127.1365562,02-6981-5370
서울,잠실119안전센터,서울특별시 송파구 석촌호수로 151 (잠실동),37.507279,127.0938799,02-6981-5378
서울,종합운동장119안전센터,서울특별시 송파구 올림픽로 25 (잠실동),37.517074,127.0885658,02-6981-5387
서울,가락119안전센터,서울특별시 송파구 양재대로 932 (가락동),37.4952783,127.1157128,02-6981-5394
서울,양천119안전센터,서울특별시 양천구 목동서로 180 (목동),37.5301152,126.8722632,02-6981-8750
서울,신정119안전센터,서울특별시 양천구 신월로 268 (신정동),37.5217374,126.850944,02-6981-8760
서울,목동119안전센터,서울특별시 양천구 안양천로 1139 (목동),37.5427431,126.8835337,02-6981-8765
서울,신월119안전센터,서울특별시 양천구 남부순환로 448 (신월동),37.5278894,126.8330987,02-6981-8790
서울,신트리119안전센터,서울특별시 양천구 신정로 238 (신정동),37.5105745,126.8479865,02-6981-8795
서울,신내119안전센터,서울특별시 중랑구 신내로 183 (신내동),37.6153417,127.0948707,02-6981-8850
서울,면목119안전센터,서울특별시 중랑구 동일로 475 (면목동),37.5728173,127.0798674,02-6981-8962
서울,망우119안전센터,서울특별시 중랑구 용마산로 524 (망우동),37.5910115,127.0945925,02-6981-8972
서울,중화119안전센터,서울특별시 중랑구 동일로 783 (중화동),37.6004164,127.0793147,02-6981-8982
서울,동작119안전센터,서울특별시 동작구 여의대방로16길 55 (신대방동),37.494574,126.9176431,02-6913-7871
서울,노량진119안전센터,서울특별시 동작구 노량진로 187 (노량진동),37.5136289,126.9469158,02-6913-7881
서울,상도119안전센터,서울특별시 동작구 국사봉1길 17 (상도동),37.498994,126.9294563,02-6913-7888
서울,백운119안전센터,서울특별시 동작구 사당로 63 (상도동),37.4947593,126.9615767,02-6913-7895
서울,연희119안전센터,서울특별시 서대문구 연희로 182 (연희동),37.5731167,126.9360069,02-6981-5520
서울,북가좌119안전센터,서울특별시 서대문구 증가로 242 (북가좌동),37.5721856,126.9094083,02-6981-5539
서울,홍은119안전센터,서울특별시 서대문구 홍은중앙로 83 (홍은동),37.5986776,126.9470149,02-6981-5549
서울,북아현119안전센터,서울특별시 서대문구 북아현로 37 (북아현동),37.5605205,126.9558136,02-6981-5559
서울,번동119안전센터,서울특별시 강북구 한천로 911 (번동),37.6279206,127.037216,02-6946-0250
서울,우이119안전센터,서울특별시 강북구 삼각산로 111 (수유동),37.6408841,127.0165083,02-904-0119
서울,미아119안전센터,서울특별시 강북구 도봉로 125 (미아동),37.6251982,127.0277206,02-983-9111
서울,삼각산119안전센터,서울특별시 강북구 솔샘로 208 (미아동),37.6198114,127.0154958,02-983-5119
서울,행당119안전센터,서울특별시 성동구 살곶이길 331(행당동),37.563155,127.0448076,02-2622-1740
서울,성수119안전센터,서울특별시 성동구 뚝섬로 452(성수동2가),37.537152,127.0606231,02-2622-1751
서울,왕십리119안전센터,서울특별시 성동구 고산자로 249(도선동),37.565619,127.0342967,02-2622-1761
서울,금호119안전센터,서울특별시 성동구 난계로 19(금호동1가),37.5540013,127.0242585,02-2622-1771
서울,시흥119안전센터,서울특별시 금천구 시흥대로45길 31 시흥119안전센터,37.4484923,126.9004804,02-6981-6552
서울,금천119안전센터,서울특별시 금천구 시흥대로 342(독산2동),37.4659619,126.8997027,
부산,중앙119안전센터,부산광역시 중구 중앙대로 110(중앙동4가),35.1070089,129.0367513,051-760-6111
부산,부민119안전센터,부산광역시 서구 임시수도기념로 21-4(부민동3가),35.1032236,129.0186032,051-760-6121
부산,충무119안전센터,부산광역시 서구 충무대로 186(남부민동),35.0867304,129.023028,051-760-6131
부산,창선119안전센터,부산광역시 중구 대청로 68-1(부평동1가),35.1028487,129.0273612,051-760-6141
부산,초량119안전센터,부산광역시 동구 중앙대로 260번길 7(초량동),35.1197793,129.0432234,051-760-6151
부산,부전119안전센터,부산광역시 부산진구 서전로 43(전포동),35.1580852,129.0646299,051-760-6211
부산,범일119안전센터,부산광역시 동구 범일로 115(범일동),35.1404334,129.0590636,051-760-6221
부산,수정119안전센터,부산광역시 동구 중앙대로 383-1(수정동),35.1237956,129.0402257,051-760-6231
부산,가야119안전센터,부산광역시 부산진구 가야대로 627(가야동),35.1557528,129.0404073,051-760-6241
부산,부암119안전센터,부산광역시 부산진구 신천대로 282(부암동),35.166902,129.0507535,051-760-6251
부산,당감119안전센터,부산광역시 부산진구 백양산로53번길 65(당감동),35.1716969,129.0285449,051-760-6261
부산,안창119안전센터,부산광역시 동구 안창로 62(범일동),35.1459702,129.0419608,051-760-6271
부산,연산119안전센터,부산광역시 연제구 고분로 216(연산동),35.1838508,129.1059282,051-760-6311
부산,수안119안전센터,부산광역시 동래구 명륜로45번길 7(수안동),35.1981508,129.0838281,051-760-6321
부산,온천119안전센터,부산광역시 동래구 우장춘로 196(온천동),35.223133,129.077609,051-760-6331
부산,양정119안전센터,부산광역시 부산진구 연수로 44(양정동),35.1744805,129.0759489,051-760-6341
부산,사직119안전센터,부산광역시 동래구 체육공원로 74(사직동),35.1940713,129.0620422,051-760-6351
부산,삼락119안전센터,부산광역시 사상구 삼덕로 17(삼락동),35.1746087,128.9786872,051-760-6411
부산,감전119안전센터,부산광역시 사상구 가야대로 41(감전동),35.1518624,128.9774095,051-760-6421
부산,구포119안전센터,부산광역시 북구 만덕대로 31(덕천동),35.2110946,129.0084111,051-760-6431
부산,화명119안전센터,부산광역시 북구 금곡대로 184(화명동),35.2252718,129.0103221,051-760-6451
부산,주례119안전센터,부산광역시 사상구 양지로22번길 7(주례동),35.1540429,129.0041846,051-760-6461
부산,모라119안전센터,부산광역시 사상구 백양대로 950(모라동),35.18627,128.9891139,051-760-6471
부산,학장119안전센터,부산광역시 사상구 학감대로 89(학장동),35.1396767,128.9904714,051-760-6481
부산,금곡119안전센터,부산광역시 북구 금곡대로616번길 151(금곡동),35.2672677,129.0176661,051-760-6491
부산,만덕119안전센터,부산광역시 북구 함박봉로 142(만덕동),35.2089785,129.0234015,051-760-6441
부산,신평119안전센터,부산광역시 사하구 장평로 270(신평동),35.0902637,128.9736756,051-760-6512
부산,괴정119안전센터,부산광역시 사하구 낙동대로 262(괴정동),35.1016252,128.9962902,051-760-6522
부산,하단119안전센터,부산광역시 사하구 낙동남로 1407(하단동),35.1065102,128.9656081,051-760-6532
부산,다대119안전센터,부산광역시 사하구 다대로 622(다대동),35.0511798,128.9703878,051-760-6542
부산,감천119안전센터,부산광역시 사하구 원양로 405(감천동),35.0863022,129.0048133,051-760-6552
부산,우동119안전센터,부산광역시 해운대구 해운대해변로 106(우동),35.1594455,129.1434471,051-760-6611
부산,중동119안전센터,부산광역시 해운대구 달맞이길 117번길 72(중동),35.1606838,129.1758645,051-760-6621
부산,반여119안전센터,부산광역시 해운대구 선수촌로 21번길 64(반여동),35.1974792,129.1178505,051-760-6631
부산,센텀119안전센터,부산광역시 해운대구 센텀동로 50(우동),35.1784175,129.1251115,051-760-6651
부산,좌동119안전센터,부산광역시 해운대구 대천로67번길 35(좌동),35.1736443,129.1664873,051-760-6641
부산,반송119안전센터,부산광역시 해운대구 아랫반송로 10(반송동),35.225387,129.1470045,051-760-6661
부산,부곡119안전센터,부산광역시 금정구 중앙대로 1789(부곡동),35.2439566,129.0925855,051-760-6711
부산,서동119안전센터,부산광역시 동래구 반송로 331(명장동),35.208968,129.1033144,051-760-6721
부산,남산119안전센터,부산광역시 금정구 두실로 46(남산동),35.2614286,129.0868987,051-760-6731
부산,산성119안전센터,부산광역시 금정구 산성로 396(금성동),35.2531483,129.0547454,051-760-6751
부산,광안119안전센터,부산광역시 수영구 광일로 64(광안동),35.1631637,129.1070531,051-760-6811
부산,감만119안전센터,부산광역시 남구 우암로 81(감만동),35.1177262,129.0805459,051-760-6821
부산,대연119안전센터,부산광역시 남구 수영로 279(대연동),35.1362223,129.0970442,051-760-6831
부산,망미119안전센터,부산광역시 수영구 연수로 330(망미동),35.1717708,129.1053126,051-760-6841
부산,용당119안전센터,부산광역시 남구 신선로 398(용당동),35.12064,129.09864,051-760-6851
부산,녹산119안전센터,부산광역시 강서구 녹산산단361로 9(송정동),35.0895954,128.8568112,051-760-6011
부산,신호119안전센터,부산광역시 강서구 신호산단4로 62(신호동),35.0854276,128.8795555,051-760-6021
부산,대저119안전센터,부산광역시 강서구 대저로221번길 25(대저1동),35.2177465,128.9771954,051-760-6031
부산,강동119안전센터,부산광역시 강서구 제도로 696(강동동),35.1747453,128.9160365,051-760-6041
부산,지사119안전센터,부산광역시 강서구 과학산단로333번길 3(지사동),35.1461873,128.8318086,051-760-6051
부산,정관119안전센터,부산광역시 기장군 정관읍 용수로 7(정관읍),35.3248281,129.1796641,051-760-5411
부산,기장119안전센터,부산광역시 기장군 기장읍 차성동로5번길 16(기장읍),35.2385217,129.21589,051-760-5421
부산,송정119안전센터,부산광역시 해운대구 송정중앙로15번길 16(송정동),35.1838156,129.203047,051-760-5431
부산,장안119안전센터,부산광역시 기장군 장안읍 효암리 256,35.3353694,129.293342,051-760-5441
부산,동삼119안전센터,부산광역시 영도구 해양로 297(동삼동),35.0811482,129.0759195,051-760-6911
부산,영선119안전센터,부산광역시 영도구 태종로 115(영선동1가),35.0894852,129.0448981,051-760-6921
부산,부두119안전센터,부산광역시 동구 충장대로 286(좌천동),35.1250036,129.050654,051-760-6931
부산,청학119안전센터,부산광역시 영도구 태종로 274(청학동),35.0946396,129.0582836,051-760-6941
대구,남산119안전센터,대구광역시 중구 달구벌대로 1926,35.8623176,128.575251,053-601-4571
대구,서문로119안전센터,대구광역시 중구 경상감영길 45,35.8715406,128.5899904,053-601-4572
대구,봉덕119안전센터,대구광역시 남구 희망로3길 29,35.8490543,128.5993059,053-601-4573
대구,대신119안전센터,대구광역시 중구 큰장로26길 45,35.8688986,128.580781,053-601-4574
대구,삼덕119안전센터,대구광역시 중구 공평로 35,35.8672131,128.5996862,053-601-4575
대구,명덕119안전센터,대구광역시 남구 명덕로34길 22,35.8555251,128.5872268,053-601-4577
대구,성명119안전센터,대구광역시 남구 대명남로 12-1,35.8334079,128.5601596,053-601-4578
대구,신천119안전센터,대구광역시 동구 동대구로 507,35.8760729,128.6251809,053-605-5320
대구,동촌119안전센터,대구광역시 동구 해동로 180,35.8866851,128.6484361,053-605-5330
대구,안심119안전센터,대구광역시 동구 반야월로 291,35.8722028,128.720423,053-605-5340
대구,불로119안전센터,대구광역시 동구 팔공로50길 19,35.9205213,128.6479213,053-605-5350
대구,공산119안전센터,대구광역시 동구 팔공산로 1579,35.9627627,128.6977358,053-605-5360
대구,율하119안전센터,대구광역시 동구 율하동로8길 5,35.8631666,128.7030747,053-605-5370
대구,평리119안전센터,대구광역시 서구 달서천로 186,35.881886,128.5543905,053-320-4492
대구,이현119안전센터,대구광역시 서구 국채보상로 119,35.8690863,128.5441569,053-320-4493
대구,읍내119안전센터,대구광역시 북구 칠곡중앙대로 570,35.9463498,128.5516049,053-320-4494
대구,내당119안전센터,대구광역시 서구 서대구로3길 16,35.859439,128.5552904,053-320-4495
대구,비산119안전센터,대구광역시 서구 달서로 206,35.8804521,128.5720441,053-3204496
대구,태전119안전센터,대구광역시 북구 칠곡중앙대로 184,35.9123408,128.548826,053-320-4497
대구,동천119안전센터,대구광역시 북구 구암로 155,35.9319607,128.5577963,053-320-4498
대구,금호119안전센터,대구광역시 북구 한강로 105,35.8798076,128.6703681,053-320-4469
대구,칠성119안전센터,대구광역시 북구 칠성남로 112,35.8779915,128.5923197,053-350-5720
대구,침산119안전센터,대구광역시 북구 침산남로 149,35.8883488,128.5922628,053-350-5740
대구,노원119안전센터,대구광역시 북구 노원로 42,35.8922096,128.5673269,053-350-5750
대구,대현119안전센터,대구광역시 북구 대현로 105,35.8824452,128.6106348,053-350-5770
대구,무태119안전센터,대구광역시 북구 호국로43길 21,35.9209308,128.5969035,053-350-5780
대구,산격119안전센터,대구광역시 북구 유통단지로8길 88,35.9060735,128.6142595,053-350-5790
대구,범물119안전센터,대구광역시 수성구 청호로 87,35.825519,128.6442638,053-607-3822
대구,만촌119안전센터,대구광역시 수성구 달구벌대로 2658,35.8553518,128.6521145,053-607-3842
대구,황금119안전센터,대구광역시 수성구 동대구로12길 41,35.8355187,128.626452,053-607-3852
대구,상동119안전센터,대구광역시 수성구 파동로51길 5,35.8251545,128.6094298,053-607-3862
대구,가창119안전센터,대구광역시 달성군 가창면 가창로 1100,35.8025854,128.622956,053-607-3920
대구,수성119안전센터,대구광역시 수성구 들안로60길 30,35.8568077,128.6209186,053-607-3872
대구,무열로119안전센터,대구광역시 수성구 무열로 139,35.8706983,128.648153,053-607-3882
대구,고산119안전센터,대구광역시 수성구 고산로 105,35.8403373,128.7045513,053-607-3892
대구,월성119안전센터,대구광역시 달서구 학산로 75,35.8310954,128.5347651,059-607-2932
대구,본리119안전센터,대구광역시 달서구 대명천로 134,35.8396929,128.5450475,053-607-2952
대구,송현119안전센터,대구광역시 달서구 월배로 262,35.8200117,128.542029,053-607-2962
대구,도원119안전센터,대구광역시 달서구 도원로 8,35.8090089,128.5356626,053-607-2972
대구,현풍119안전센터,대구광역시 달성군 현풍읍 비슬로 480,35.6825307,128.4470113,053-602-4932
대구,논공119안전센터,대구광역시 달성군 논공읍 논공중앙로33길 5,35.7300631,128.4530835,053-602-4952
대구,화원119안전센터,대구광역시 달성군 화원읍 화암로 122,35.7987551,128.5016669,053-602-4962
대구,구지119안전센터,대구광역시 달성군 구지면 달성2차로 111,35.6398205,128.4197729,053-602-4972
대구,옥포119안전센터,대구광역시 달성군 옥포읍 돌미로 93,35.7896321,128.463792,053-602-4982
대구,다사119안전센터,대구광역시 달성군 다사읍 달구벌대로 920,35.8593802,128.4466289,053-601-5620
대구,성서119안전센터,대구광역시 달서구 성서로 357,35.8495121,128.5068962,053-601-5630
대구,죽전119안전센터,대구광역시 달서구 와룡로 222,35.8526025,128.5376573,053-601-5640
대구,대천119안전센터,대구광역시 달서구 달서대로58길 129,35.8249578,128.5067766,053-601-5650
대구,매곡119안전센터,대구광역시 달성군 다사읍 달구벌대로 753,35.8611644,128.4541672,053-601-5660
인천,중앙119안전센터,인천광역시 중구 인중로 204,37.4701454,126.6224476,032-870-5180
인천,송현119안전센터,인천광역시 동구 방축로 39,37.4862704,126.6509754,032-576-0119
인천,송림119안전센터,인천광역시 동구 샛골로 133,37.4742691,126.6440734,032-764-7119
인천,만석119안전센터,인천광역시 동구 제물량로 396,37.4833547,126.6258039,032-766-0119
인천,연안119안전센터,인천광역시 중구 축항대로 118,37.4539865,126.6136552,032-887-4689
인천,백령119안전센터,인천광역시 옹진군 백령면 백령남로 30,37.9673798,124.7206379,032-836-0119
인천,구월119안전센터,인천광역시 남동구 인주대로 714,37.4489103,126.7161587,032-870-5221
인천,만수119안전센터,인천광역시 남동구 백범로 207,37.4595833,126.7258438,032-870-5222
인천,간석119안전센터,인천광역시 남동구 경인로 621,37.4657869,126.7063578,032-870-5223
인천,담방119안전센터,인천광역시 남동구 매소홀로 1044,37.4392936,126.7390124,032-870-5224
인천,서창119안전센터,인천광역시 남동구 서창방산로 61,37.4331494,126.752354,032-870-5259
인천,갈산119안전센터,인천광역시 부평구 부평대로 324,37.5201921,126.722126,032-723-5353
인천,부평119안전센터,인천광역시 부평구 부평대로 8,37.4921294,126.723431,032-723-5354
인천,십정119안전센터,인천광역시 부평구 경원대로 1111,37.4802764,126.6972609,032-723-5355
인천,산곡119안전센터,인천광역시 부평구 마장로 198,37.4956696,126.70309,032-723-5356
인천,부개119안전센터,인천광역시 부평구 부개로 6,37.4978432,126.7396603,032-723-5357
인천,삼산119안전센터,인천광역시 부평구 충선로 252,37.5010329,126.7345197,032-723-5358
인천,연희119안전센터,인천광역시 서구 서곶로292,37.5431014,126.6772894,032-723-5421
인천,가좌119안전센터,인천광역시 서구 백범로678번길 17,37.4815046,126.6824492,032-578-0119
인천,신현119안전센터,인천광역시 서구 가정로 333-1,37.5146346,126.6723784,032-572-0119
인천,석남119안전센터,인천광역시 서구 석남로102,37.5004359,126.6729024,032-571-0119
인천,검단119안전센터,인천광역시 서구 완정로 191,37.6025714,126.6551007,032-565-0119
인천,오류119안전센터,인천광역시 서구 검단로 229,37.603969,126.655176,032-566-1118
인천,검암119안전센터,인천광역시 서구 승학로 474,37.564058,126.6735866,032-568-7119
인천,원당119안전센터,인천광역시 서구 원당대로 881,37.593739,126.6996494,032-563-1195
인천,청라119안전센터,인천광역시 서구 청라한내로 77,37.52731,126.6278726,032-569-5026
인천,원창119안전센터,인천광역시 서구 북항로32번길 47-5,37.5069115,126.6364221,032-577-0119
인천,고잔119안전센터,인천광역시 남동구 남동서로 208,37.4080812,126.6930046,032-723-5521
인천,옥련119안전센터,인천광역시 연수구 청량로 155번길 7,37.4206261,126.6519156,032-832-0119
인천,도림119안전센터,인천광역시 남동구 비류대로 667,37.4226386,126.7091047,032-814-2119
인천,동춘119안전센터,인천광역시 연수구 앵고개로 241,37.4091112,126.6712791,032-813-2119
인천,논현119안전센터,인천광역시 남동구 소래역로 109,37.4052866,126.7296667,032-439-2119
인천,소래119안전센터,인천광역시 남동구 에코중앙로 86,37.3871887,126.7179635,032-432-0440
인천,작전119안전센터,인천광역시 계양구 장제로 774,37.5369983,126.7352145,032-650-5621
인천,계산119안전센터,인천광역시 계양구 주부토길 557,37.5369504,126.7377435,032-542-0119
인천,장기119안전센터,인천광역시 계양구 장기서로 14,37.5762914,126.7336784,032-515-6119
인천,효성119안전센터,인천광역시 계양구 효서로 96-1,37.5275135,126.7064555,032-541-0119
인천,신기119안전센터,인천광역시 미추홀구 인하로 190,37.448367,126.6690107,032-870-3295
인천,주안119안전센터,인천광역시 미추홀구 한나루로 607,37.460569,126.6721549,032-870-3452
인천,도화119안전센터,인천광역시 미추홀구 장고개로 85,37.4754191,126.6693032,032-870-3453
인천,용현119안전센터,인천광역시 미추홀구 독배로 376,37.4533474,126.6485663,032-887-3454
인천,관교119안전센터,인천광역시 미추홀구 인하로 450,37.4442222,126.6964851,032-870-3455
인천,숭의119안전센터,인천광역시 미추홀구 석정로 51,37.4649629,126.6706778,032-870-3456
인천,불은119안전센터,인천광역시 강화군 불은면 중앙로 505,37.7077443,126.4463437,032-930-5811
인천,강화119안전센터,인천광역시 강화군 강화읍 남문로23번길 11,37.7404887,126.4866944,032-930-5894
인천,길상119안전센터,인천광역시 강화군 길상면 마니산로 93,37.6391269,126.4828728,032-930-5822
인천,내가119안전센터,인천광역시 강화군 내가면 강화서로 235-1,37.7178263,126.3896335,032-930-5823
인천,공항119안전센터,인천광역시 중구 제2터미널대로 268,37.4737341,126.6214796,032-727-6180
인천,운서119안전센터,인천광역시 중구 흰바위로27번길 16,37.4936683,126.4884326,032-727-6182
인천,운남119안전센터,인천광역시 중구 운남로 116,37.4880016,126.5332959,032-727-6181
인천,용유119안전센터,인천광역시 중구 용유서로128번길 1,37.4499223,126.3935249,032-727-6183
인천,미래119안전센터,인천광역시 연수구 첨단대로 60번길 15,37.4094099,126.6783088,032-810-6660
인천,신송119안전센터,인천광역시 연수구 해돋이로 92,37.3908656,126.6518875,032-810-6683
인천,영흥119안전센터,인천광역시 영흥면 영흥로 283-32,37.2559214,126.4835465,032-810-6692
인천,국제119안전센터,인천광역시 연수구 센트럴로 412,37.3943277,126.640779,032-831-6119
광주,대인119안전센터,광주광역시 동구 제봉로 210(대인동),35.1512979,126.9167794,062-606-4203
광주,용산119안전센터,광주광역시 동구 남문로 535(용산동),35.1065428,126.9196754,062-606-4403
광주,지산119안전센터,광주광역시 동구 밤실로30번길 16(지산동),35.1499385,126.9385591,062-606-4423
광주,화정119안전센터,광주광역시 서구 화운로 197(화정동),35.1564343,126.8764322,062-606-4255
광주,염주119안전센터,광주광역시 서구 염화로 77(화정동),35.1414716,126.8738364,062-606-4507
광주,금호119안전센터,광주광역시 서구 운천로 112(쌍촌동),35.1426884,126.8583183,062-606-4525
광주,상무119안전센터,광주광역시 서구 치평로 65(치평동),35.1532463,126.8471782,062-606-4543
광주,풍암119안전센터,광주광역시 서구 회재로 907(금호동),35.1248228,126.8545675,062-606-4564
광주,송하119안전센터,광주광역시 남구 송암로58번길 13(송하동),35.110529,126.8784163,062-606-4303
광주,월산119안전센터,광주광역시 남구 수박등로 1(월산동),35.1405724,126.8947223,062-606-4603
광주,봉선119안전센터,광주광역시 남구 오방로 63(방림동),35.1309788,126.9189895,062-606-4623
광주,문흥119안전센터,광주광역시 북구 서하로 290(오치동),35.1864594,126.9122857,062-606-4353
광주,임동119안전센터,광주광역시 북구 서림로 5(임동),35.1688115,126.890652,062-606-4703
광주,우산119안전센터,광주광역시 북구 동문대로 127(우산동),35.1773251,126.9237294,062-606-4723
광주,일곡119안전센터,광주광역시 북구 설죽로 529(일곡동),35.2063167,126.8973311,062-606-4743
광주,두암119안전센터,광주광역시 북구 삼정로 5(두암동),35.1623572,126.9368425,062-606-4763
광주,동림119안전센터,광주광역시 북구 북문대로 202(동림동),35.1864466,126.8703209,062-606-4783
광주,하남119안전센터,광주광역시 광산구 하남산단1번로 13(하남동),35.1861982,126.796537,062-606-4903
광주,송정119안전센터,광주광역시 광산구 상무대로 93-1(도산동),35.130927,126.7995331,062-606-4803
광주,월곡119안전센터,광주광역시 광산구 우산로 85번길 12-5(우산동),35.1570054,126.809658,062-606-4828
광주,비아119안전센터,광주광역시 광산구 비아로12번길 10(비아동),35.2207551,126.8236245,062-606-4843
광주,신가119안전센터,광주광역시 광산구 수등로 236(신가동),35.1848843,126.8348113,062-606-4863
광주,첨단119안전센터,광주광역시 광산구 임방울대로825번길 16(쌍암동),35.2187502,126.8491963,062-606-4883
광주,평동119안전센터,광주광역시 광산구 월전로 59(월전동),35.1220968,126.7765712,062-606-4953
대전,가양119안전센터,대전광역시 동구 계족로 300,36.3325679,127.4388584,042-270-1221
대전,삼성119안전센터,대전광역시 동구 태전로 134,36.3403878,127.4219455,042-270-1231
대전,원동119안전센터,대전광역시 동구 대전천동로 508,36.3200661,127.4391703,042-270-1241
대전,부사119안전센터,대전광역시 중구 대종로 373,36.3172026,127.4285703,042-270-1251
대전,산내119안전센터,대전광역시 동구 산내로 1328,36.2817889,127.4676807,042-270-1261
대전,용운119안전센터,대전광역시 동구 용운로 151번길 88,36.3312308,127.4618366,042-270-1271
대전,갈마119안전센터,대전광역시 서구 갈마중로 15,36.3478665,127.3711236,042-270-1804
대전,태평119안전센터,대전광역시 중구 동서대로 1235,36.326772,127.3968377,042-270-1811
대전,탄방119안전센터,대전광역시 서구 문정로 142,36.3467862,127.3952685,042-270-1821
대전,월평119안전센터,대전광역시 서구 청사로 27,36.3599812,127.3668866,042-270-1831
대전,샘머리119안전센터,대전광역시 서구 둔산로 101번길 26,36.3517909,127.3874161,042-270-1841
대전,법동119안전센터,대전광역시 대덕구 계족로 682,36.3723592,127.4290286,042-270-1851
대전,대화119안전센터,대전광역시 대덕구 대화로 81,36.3668165,127.4113587,042-270-1861
대전,덕암119안전센터,대전광역시 대덕구 신탄진로 661,36.4371942,127.4256452,042-270-1871
대전,문평119안전센터,대전광역시 대덕구 문평동로 18번길 34,36.446907,127.404716,042-270-1881
대전,송촌119안전센터,대전광역시 대덕구 동춘당로 65,36.3647045,127.4402305,042-270-1891
대전,도룡119안전센터,대전광역시 유성구 대덕대로 516,36.3781133,127.3843067,042-270-1903
대전,전민119안전센터,대전광역시 유성구 엑스포로 486-11,36.3992741,127.4059702,042-270-1912
대전,구암119안전센터,대전광역시 유성구 월드컵대로 263,36.3536844,127.3310818,042-270-1922
대전,궁동119안전센터,대전광역시 유성구 궁동로 35,36.3636253,127.3486772,042-270-1931
대전,노은119안전센터,대전광역시 유성구 노은로 101,36.3686618,127.3174327,042-270-1942
대전,복수119안전센터,대전광역시 서구 복수서로 67,36.309288,127.3723555,042-270-1952
대전,문화119안전센터,대전광역시 중구 계룡로 918번길 67,36.3192835,127.4112864,042-270-1961
대전,산성119안전센터,대전광역시 중구 산성로 59,36.3076933,127.3950149,042-270-1971
대전,가수원119안전센터,대전광역시 서구 용소로 46,36.3545224,127.3836025,042-270-1981
대전,원내119안전센터,대전광역시 유성구 계백로 801번길 17,36.2918689,127.3188904,042-270-1991
울산,유곡119안전센터,울산광역시 중구 종가로 205,35.5794053,129.3383771,052-241-2409
울산,성남119안전센터,울산광역시 중구 만남의거리 14,35.554272,129.3200389,052-241-2421
울산,병영119안전센터,울산광역시 중구 구교로 226,35.5645776,129.3424754,052-241-2441
울산,태화119안전센터,울산광역시 중구 태화로 111,35.5533913,129.2879716,052-241-2531
울산,삼산119안전센터,울산광역시 남구 삼산중로 149,35.5472032,129.3353416,052-241-2580
울산,여천119안전센터,울산광역시 남구 여천로 81-33,35.5250155,129.341384,052-241-2610
울산,신정119안전센터,울산광역시 남구 신정로 87번길 2,35.5393675,129.3196006,052-241-2630
울산,장생포119안전센터,울산광역시 남구 매암로 18,35.5115647,129.3774258,052-241-2560
울산,무거119안전센터,울산광역시 남구 문수로 89,35.5388753,129.26374,052-241-2650
울산,공단119안전센터,울산광역시 남구 사평로 161,35.4993843,129.3292814,052-241-2670
울산,옥동119안전센터,울산광역시 남구 대공원입구로21번길 20,35.5343394,129.2921912,052-241-2690
울산,화암119안전센터,울산광역시 동구 꽃바위2가길 9,35.4824434,129.4126797,052-241-2720
울산,화정119안전센터,울산광역시 동구 방어진순환도로 601,35.4954955,129.427047,052-241-2740
울산,전하119안전센터,울산광역시 동구 진성4가길 8,35.5093386,129.4290909,052-241-2760
울산,송정119안전센터,울산광역시 북구 화동로 178,35.5938317,129.3711308,052-229-8200
울산,농소119안전센터,울산광역시 북구 아진로 72,35.6299259,129.3407676,052-229-8240
울산,매곡119안전센터,울산광역시 북구 오토밸리로 1024,35.5843006,129.3611231,052-229-8260
울산,염포119안전센터,울산광역시 북구 염포로 769,35.5264599,129.3990881,052-229-8220
울산,강동119안전센터,울산광역시 북구 산하중앙2로 231,35.6363,129.438662,052-229-8280
울산,온산119안전센터,울산광역시 울주군 온산읍 덕신로 232,35.4332342,129.3066193,052-241-2860
울산,온양119안전센터,울산광역시 울주군 온양읍 온양로 74,35.4108696,129.2796897,052-241-2890
울산,웅촌119안전센터,울산광역시 울주군 웅촌면 곡천검단로 9,35.4634598,129.2064533,052-241-2910
울산,화산119안전센터,울산광역시 울주군 온산읍 공단로 417,35.4391143,129.3352172,052-241-2840
울산,언양119안전센터,울산광역시 울주군 언양읍 남천둑길 99,35.5587215,129.1355388,052-241-2461
울산,범서119안전센터,울산광역시 울주군 범서읍 구영앞길 99,35.5697641,129.2362591,052-241-2501
울산,두서119안전센터,울산광역시 울주군 두서면 인보로 85,35.6424205,129.1588833,052-241-2551
세종,조치원119안전센터,세종특별자치시 조치원읍 세종로 2439,36.6047758,127.2888985,044-300-8523
세종,전의119안전센터,세종특별자치시 전의면 서정길 46-6,36.6922191,127.1917232,044-300-8533
세종,부강119안전센터,세종특별자치시 부강면 청연로 7,36.5282729,127.3721621,044-300-8543
세종,연서119안전센터,세종특별자치시 연서면 도신고복로 306,36.58956072,127.202304,044-300-8553
세종,어진119안전센터,세종특별자치시 절재로 301(어진동),36.50607525,127.2738039,044-300-8623
세종,아름119안전센터,세종특별자치시 보듬3로 119(아름동),36.51141553,127.2465113,044-300-8633
세종,한솔119안전센터,세종특별자치시 노을3로 29(한솔동),36.48044763,127.2591121,044-300-8643
세종,보람119안전센터,세종특별자치시 남세종로 436(보람동),36.48044763,127.2591121,044-300-8653
세종,장군119안전센터,세종특별자치시 장군면 장척로 391,36.496576,127.204292,044-300-8664
경기,정자119안전센터,경기도 수원시 정자천로189번길 12,37.2971447,126.9959846,031-8012-9500
경기,원천119안전센터,경기도 수원시 영통구 중부대로 349,37.2731556,127.0540089,031-8012-9530
경기,파장119안전센터,경기도 수원시 장안구 서부로 2308,37.3123441,126.9791482,031-8012-9570
경기,이의119안전센터,경기도 수원시 영통구 도청로 10,37.2888873,127.0480197,031-8012-9580
경기,영통119안전센터,경기도 수원시 영통구 매영로 325,37.2532012,127.0688169,031-8012-9140
경기,남부119안전센터,경기도 수원시 권선구 동수원로 286,37.2546128,127.0366655,031-639-8500
경기,매산119안전센터,경기도 수원시 팔달구 매산로 89,37.2704216,127.0106758,031-639-8520
경기,지만119안전센터,경기도 수원시 팔달구 경수대로 660,37.2842752,127.0286732,031-639-8530
경기,서둔119안전센터,경기도 수원시 권선구 서호동로 48,37.2689123,126.993365,031-639-8540
경기,고색119안전센터,경기도 수원시 권선구 서부로 1614,37.2531642,126.9753109,031-639-8550
경기,호매실119안전센터,경기도 수원시 권선구 금곡로 194,37.2710419,126.9408213,031-639-8560
경기,수진119안전센터,경기도 성남시 수정구 제일로 111,37.436589,127.133388,031-720-0500
경기,신흥119안전센터,경기도 성남시 수정구 시민로 151,37.441515,127.1432556,031-720-0510
경기,상대원119안전센터,경기도 성남시 중원구 둔촌대로 469,37.4321458,127.1688978,031-720-0530
경기,단대119안전센터,경기도 성남시 수정구 논골로 11번길 7-2,37.4548974,127.1595519,031-720-0520
경기,위례119안전센터,경기도 성남시 수정구 헌릉로 1003,37.4618619,127.1436271,031-720-0540
경기,태평119안전센터,경기도 성남시 수정구 성남대로 1312,37.4473556,127.1278444,031-720-0550
경기,서현119안전센터,경기도 성남시 분당구 양현로 14,37.3859975,127.1194745,031-8018-3500
경기,판교119안전센터,경기도 성남시 분당구 대왕판교로644번길 62,37.3995128,127.1137053,031-8018-3510
경기,서판교119안전센터,경기도 성남시 분당구 운중로 88,37.3905055,127.082868,031-8018-3560
경기,수내119안전센터,경기도 성남시 분당구 백현로 241,37.367335,127.1225817,031-8018-3520
경기,야탑119안전센터,경기도 성남시 분당구 양현로 485,37.4164308,127.1359238,031-8018-3530
경기,구미119안전센터,경기도 성남시 분당구 돌마로 138,37.3518552,127.1165064,031-8018-3550
경기,중앙119안전센터,경기도 부천시 신흥로 115,37.493347,126.7778096,032-650-4500
경기,오정119안전센터,경기도 부천시 신흥로 499,37.4993078,126.7761475,032-650-4510
경기,중동119안전센터,경기도 부천시 부일로 346,37.4876673,126.7686504,032-650-4520
경기,괴안119안전센터,경기도 부천시 부광로8번길 49,37.4826729,126.8104291,032-650-4530
경기,원종119안전센터,경기도 부천시 원종로79번길 41,37.5259381,126.8084968,032-650-4540
경기,상동119안전센터,경기도 부천시 장말로 113,37.4942768,126.7545953,032-650-4550
경기,서부119안전센터,경기도 부천시 계남로 169,37.5078636,126.7677634,032-650-4560
경기,범박119안전센터,경기도 부천시 범안로 127,37.4705439,126.809423,032-650-4570
경기,신상119안전센터,경기도 부천시 상동로117번길 36,37.5080862,126.7515473,032-650-4580
경기,여월119안전센터,경기도 부천시 여월로 62,37.5116301,126.8057048,032-650-4590
경기,부림119안전센터,경기도 안양시 동안구 관평로212번길 32(관양동),37.3957253,126.9606283,031-470-0500
경기,안양119안전센터,경기도 안양시 만안구 현충로 55(안양동),37.3902182,126.9255664,031-470-0510
경기,관양119안전센터,경기도 안양시 동안구 동편로13번길 6(관양동),37.4110138,126.9703115,031-470-0530
경기,석수119안전센터,경기도 안양시 만안구 석수로 28(석수동),37.4089336,126.9091859,031-470-0540
경기,귀인119안전센터,경기도 안양시 동안구 평촌대로 104(평촌동),37.3911722,126.9772683,031-470-0550
경기,박달119안전센터,경기도 안양시 만안구 오리로 38(박달동),37.4051628,126.9064642,031-470-0560
경기,고잔119안전센터,경기도 안산시 단원구 화랑로 407,37.3216544,126.833083,031-470-7500
경기,원시119안전센터,경기도 안산시 단원구 동산로 31,37.3128871,126.7934704,031-470-7510
경기,선부119안전센터,겅기도 안산시 단원구 선부광장서로 43,37.3339097,126.8043914,031-470-7520
경기,성곡119안전센터,경기도 안산시 단원구 장자골로 66,37.3127572,126.7655798,031-470-7540
경기,월피119안전센터,경기도 안산시 상록구 충장로 645,37.3350006,126.8544413,031-470-7550
경기,군자119안전센터,경기도 안산시 단원구 번영1로 45,37.319846,126.7358177,031-470-7560
경기,사동119안전센터,경기도 안산시 상록구 항가울로 230,37.3008387,126.8436148,031-470-7570
경기,대부119안전센터,경기도 안산시 단원구 영전로 375,37.2400259,126.6177854,031-470-7580
경기,반월119안전센터,경기도 안산시 상록구 건지미길 48,37.3015259,126.9058957,031-470-7590
경기,신길119안전센터,경기도 안산시 단원구 삼일로 50,37.3339353,126.8075911,031-470-7480
경기,역북119안전센터,경기도 용인시 처인구 명지로 45,37.2322939,127.1900192,031-8021-0500
경기,구갈119안전센터,경기도 용인시 기흥구 신구로 74,37.2787139,127.1098306,031-8021-0510
경기,수지119안전센터,경기도 용인시 수지구 풍덕천로 177,37.3261072,127.1002823,031-8021-0520
경기,양지119안전센터,경기도 용인시 처인구 양지면 남평로 46,37.2300688,127.288909,031-8021-0530
경기,남사119안전센터,경기도 용인시 처인구 남사면 봉무로 13,37.1153914,127.1522662,031-8021-0540
경기,포곡119안전센터,경기도 용인시 처인구 포곡읍 포곡로 252,37.2775887,127.2300284,031-8021-0550
경기,이동119안전센터,경기도 용인시 처인구 이동면 백옥대로 416-2,37.1744769,127.2043323,031-8021-0560
경기,보정119안전센터,경기도 용인시 기흥구 보정로114번길 2,37.3196513,127.1158749,031-8021-0570
경기,백암119안전센터,경기도 용인시 처인구 백암면 백암로 247,37.1676278,127.3714144,031-8021-0580
경기,동백119안전센터,경기도 용인시 기흥구 동백6로 33,37.2776809,127.1551619,031-8021-0590
경기,모현119안전센터,경기도 용인시 처인구 모현면 독점로 31-12,37.3293679,127.2414309,031-8021-0140
경기,기흥119안전센터,경기도 용인시 기흥구 한보라1로 128,37.2475614,127.1069791,031-8021-0150
경기,비전119안전센터,경기도 평택시 중앙로 273,36.99042,127.1128274,031-8053-6500
경기,안중119안전센터,경기도 평택시 안중읍 안현로서7길 28,36.9817956,126.9244943,031-8053-6530
경기,팽성119안전센터,경기도 평택시 팽성읍 팽성화로 172,36.9647819,127.0623341,031-8053-6510
경기,포승119안전센터,경기도 평택시 포승읍 평택항로 156번길 11,36.9739484,126.845408,031-8053-6540
경기,신장119안전센터,경기도 평택시 경기대로 1627(신장동),37.0814357,127.0500387,031-685-8500
경기,진위119안전센터,경기도 평택시 진위면 봉남길 30,37.1008934,127.0873264,031-685-8510
경기,모곡119안전센터,경기도 평택시 산단로64번길 2 (모곡동),37.0368237,127.0769365,031-685-8520
경기,서탄119안전센터,경기도 평택시 서탄면 서탄로 241,37.1058217,127.0371063,031-685-8530
경기,고덕119안전센터,경기도 평택시 고덕면 고덕로 335,37.0459056,127.0212236,031-695-8540
경기,청북119안전센터,경기도 평택시 청북면 현곡산단로 16,37.0336443,126.9391475,031-685-8550
경기,소하119안전센터,경기도 광명시 금하로 472,37.4509447,126.8806039,02-2610-3500
경기,광명119안전센터,경기도 광명시 사성로 12,37.4853813,126.8585443,02-2610-3510
경기,하안119안전센터,경기도 광명시 범안로 1025,37.4614561,126.8770831,02-2610-3520
경기,광남119안전센터,경기도 광명시 목감로 34,37.4714579,126.8455992,02-2610-3530
경기,시흥119안전센터,경기도 시흥시 정왕신길로 206,37.3492,126.7400852,031-310-0500
경기,은행119안전센터,경기도 시흥시 대은로 4,37.4392571,126.793345,031-310-0510
경기,정왕119안전센터,경기도 공단1대로259번길 1,37.3355273,126.7297107,031-310-0520
경기,연성119안전센터,경기도 시흥시 새재로 29,37.3818528,126.8028606,031-310-0530
경기,오금119안전센터,경기도 군포시 고산로 429,37.3525282,126.9271095,031-479-8500
경기,산본119안전센터,경기도 군포시 산본로432번길 1,37.3682379,126.9272697,031-479-8510
경기,향남119안전센터,경기도 화성시 향남읍 향남로 399,37.1305794,126.92055,031-8012-6500
경기,정남119안전센터,경기도 화성시 정남면 정남동로 514,37.1650113,127.0023132,031-8012-6520
경기,반송119안전센터,경기도 화성시 동탄반석로 188,37.2054169,127.072108,031-8012-6530
경기,목동119안전센터,경기도 화성시 동탄신리천로 359,37.1870717,127.0850667,031-8012-6460
경기,태안119안전센터,경기도 화성시 병점중앙로 148,37.2111496,127.038986,031-8012-6580
경기,남양119안전센터,경기도 화성시 남양읍 남양시장로 48,37.2085598,126.8147053,031-8012-6550
경기,봉담119안전센터,경기도 화성시 봉담읍 동화새터길 135,37.2204367,126.9570735,031-8012-6560
경기,장안119안전센터,경기도 화성시 장안면 3.1만세로 119,37.0863312,126.8261054,031-8012-6570
경기,관고119안전센터,경기도 이천시 경충대로 2739,37.281936,127.4315821,031-645-5500
경기,대월119안전센터,경기도 이천시 경충대로 1973,37.2435446,127.4973966,031-645-5510
경기,장호원119안전센터,경기도 이천시 서동대로 8829번길 71,37.1170661,127.6147267,031-645-5520
경기,마장119안전센터,경기도 이천시 마장면 중앙로 87,37.2489366,127.3579611,031-645-5530
경기,중앙119안전센터,경기도 김포시 감암로 111,37.6415291,126.7084999,031-980-4500
경기,양촌119안전센터,경기도 김포시 양곡로 85,37.6616126,126.6386918,031-980-4510
경기,마산119안전센터,경기도 김포시 김포한강8로 196,37.6314566,126.6386037,031-980-4570
경기,대곶119안전센터,경기도 김포시 대곶면 수남로 104,37.6326953,126.581951,031-980-4560
경기,통진119안전센터,경기도 김포시 통진읍 김포대로 2250,37.6906191,126.5963164,031-980-4520
경기,고촌119안전센터,경기도 김포시 고촌읍 은행영사정로 31,37.6023295,126.7737491,031-980-4530
경기,하성119안전센터,경기도 김포시 하성면 하성로 404,37.7111064,126.6376142,031-980-4540
경기,초월119안전센터,경기도 광주시 초월읍 무들로 112 광주소방서,37.3855652,127.2994595,031-799-2500
경기,송정119안전센터,경기도 광주시 수하길 36,37.4147421,127.2642896,031-799-2510
경기,오포119안전센터,경기도 광주시 오포읍 오포로 910-5,37.3713815,127.2335463,031-799-2520
경기,곤지암119안전센터,경기도 광주시 곤지암읍 도척로 163,37.337693,127.3367984,031-799-2530
경기,능평119안전센터,경기도 광주시 오포읍 대명대길 30,37.3571925,127.168752,031-799-2540
경기,도기119안전센터,경기도 안성시 미양로 855 (도기동),36.9969361,127.2584503,031-678-4500
경기,미양119안전센터,경기도 안성시 미양면 제2공단3길 8 (계륵리),36.9775299,127.260515,031-678-4510
경기,죽산119안전센터,경기도 안성시 죽산면 장원공단길 38 (장원리),37.0680271,127.4239454,031-678-4520
경기,공도119안전센터,경기도 안성시 공도읍 공도로 111 (만정리),37.0007902,127.1731119,031-678-4530
경기,원곡119안전센터,경기도 안성시 원곡면 원곡물류단지로 162-20 (칠곡리),37.039271,127.1292377,031-678-4540
경기,신장119안전센터,경기도 하남시 대청로 76,37.5398622,127.2204166,031-799-4500
경기,감북119안전센터,경기도 하남시 초광산단서로 16번길 39,37.52926,127.168972,031-799-4510
경기,덕풍119안전센터,경기도 하남시 덕풍서로 60,37.5521722,127.2032469,031-799-4530
경기,고천119안전센터,경기도 의왕시 오봉로 9,37.3441331,126.9746697,031-596-0500
경기,백운119안전센터,경기도 의왕시 안양판교로 187,37.3905618,126.9924397,031-596-0530
경기,부곡119안전센터,경기도 의왕시 오봉로 289,37.3277176,126.9520673,031-596-0520
경기,세교119안전센터,경기도 오산시 문헌공로 30,37.178036,127.0566906,031-8059-7500
경기,원동119안전센터,경기도 오산시 경기대로 99,37.1335849,127.0722521,031-8059-7520
경기,청학119안전센터,경기도 오산시 청학로 55-6,37.1545594,127.063709,031-8059-7510
경기,월송119안전센터,경기도 여주시 우암로 110,37.291526,127.6258811,031-887-8500
경기,가남119안전센터,경기도 여주시 가남읍 일신로 32,37.2134122,127.5434878,031-887-8510
경기,북내119안전센터,경기도 여주시 북내면 도예로 440,37.3246892,127.6778738,031-887-8520
경기,공흥119안전센터,경기도 양평군 양평읍 경강로 2047,37.5002024,127.5074912,031-770-0500
경기,강상119안전센터,경기도 양평군 강상면 송학길 54 강상119안전센터,37.4797369,127.4726193,031-770-0520
경기,용문119안전센터,경기도 양평군 용문면 연수로 64,37.492995,127.5904399,031-770-0530
경기,양서119안전센터,경기도 양평군 양서면 양수리 1161-4,37.5403103,127.3191161,031-770-0546
경기,중앙119안전센터,경기도 과천시 통영로 12,37.4285453,126.9904563,02-3314-500
경기,과천119안전센터,경기도 과천시 궁말로30,37.4448469,127.017142,02-3314-510
경기북,원당119안전센터,경기도 고양시 덕양구 고양대로 1342,37.6547763,126.8335171,031-931-0500
경기북,능곡119안전센터,경기도 고양시 덕양구 토당로 48,37.6202801,126.8207409,031-931-0510
경기북,삼송119안전센터,경기도 고양시 덕양구 오금로 14,37.6653201,126.9051389,031-931-0520
경기북,행신119안전센터,경기도 고양시 덕양구 소원로 181번길 52,37.6150677,126.8434087,031-931-0530
경기북,화전119안전센터,경기도 고양시 덕양구 중앙로 78,37.6068231,126.8606385,031-931-0540
경기북,장항119안전센터,경기도 고양시 일산동구 중앙로 1325,37.6630251,126.7695913,031-930-0500
경기북,백석119안전센터,경기도 고양시 일산동구 장백로 78,37.6441763,126.7849987,031-930-0510
경기북,주엽119안전센터,경기도 고양시 일산서구 주화로 82,37.6701789,126.7590858,031-930-0520
경기북,중산119안전센터,경기도 고양시 일산동 중산로 218,37.6913524,126.7804934,031-930-0540
경기북,고봉119안전센터,경기도 고양시 일산동 성현로 429,37.6993055,126.83057,031-930-0550
경기북,대화119안전센터,경기도 고양시 일산서구 중앙로 1630,37.676687,126.7465048,031-930-0570
경기북,풍동119안전센터,경기도 고양시 일산동 숲속마을로 10,37.6694072,126.7975998,031-930-0590
경기북,문화119안전센터,경기도 고양시 일산동구 태극로 7,37.6569117,126.7699302,031-930-0580
경기북,금오119안전센터,경기도 의정부시 금오로23번길 22-40,37.7547367,127.0676112,031-849-7510
경기북,흥선119안전센터,경기도 의정부시 의정로 48,37.7370009,127.035432,031-849-7500
경기북,호원119안전센터,경기도 의정부시 평화로 322번길 7,37.7207718,127.0481742,031-849-7520
경기북,송산119안전센터,경기도 의정부시 충의로 90,37.7396609,127.0865777,031-849-7530
경기북,평내119안전센터,경기도 남양주시 평내동 평내로 25,37.6433788,127.2322006,031-590-0500
경기북,진접119안전센터,경기도 남양주시 진접읍 금강로 1509-25,37.7255193,127.1897192,031-590-0520
경기북,진건119안전센터,경기도 남양주시 진건읍 진건오남로 112-21,37.6601927,127.1803221,031-590-0550
경기북,화도119안전센터,경기도 남양주시 화도읍 수레로1260번길 25,37.6500605,127.3047827,031-590-0540
경기북,와부119안전센터,경기도 남양주시 와부읍 덕소로97번길 34-2,37.5857438,127.2162041,031-590-0530
경기북,별내119안전센터,경기도 남양주시 별내동 송산로 793-41,37.7053346,127.1141975,031-590-0560
경기북,오남119안전센터,경기도 남양주시 오남읍 진건오남로 772,37.6966775,127.206024,031-590-0590
경기북,가운119안전센터,경기도 남양주시 가운동 가운로 16,37.6048422,127.1583525,031-590-0570
경기북,통일119안전센터,경기도 파주시 파주읍 통일로 1564,37.8476859,126.789842,031-956-9500
경기북,금촌119안전센터,경기도 파주시 가나무로 136,37.7538178,126.7804243,031-956-9510
경기북,법원119안전센터,경기도 파주시 법원읍 화합로 141,37.8468157,126.8823733,031-956-9520
경기북,광탄119안전센터,경기도 파주시 광탄면 혜음로 1040,37.7757254,126.8512489,031-956-9530
경기북,탄현119안전센터,경기도 파주시 탄현면 필승로 458,37.7813315,126.6872915,031-956-9540
경기북,월롱119안전센터,경기도 파주시 월롱면 엘씨디로 310,37.81517,126.7525786,031-956-9550
경기북,교하119안전센터,경기도 파주시 청석로 301,37.7289607,126.7172253,031-956-9560
경기북,적성119안전센터,경기도 파주시 적성면 감악산로 1220,37.9665509,126.9249379,031-956-9570
경기북,운정119안전센터,파주시 와석순환로 90,37.7133199,126.7523421,031-956-9580
경기북,교문119안전센터,경기도 구리시 아차산로487번길 46,37.5982565,127.127819,031-570-6500
경기북,인창119안전센터,경기도 건원대로34번길 28,37.6040994,127.1419142,031-570-6510
경기북,갈매119안전센터,경기도 구리시 산마루로68,37.6313154,127.1282768,031-570-6520
경기북,군내119안전센터,경기도 포천시 호국로 1538,37.8914328,127.2027888,031-538-5500
경기북,소흘119안전센터,경기도 포천시 소흘읍 송우로 182,37.8310894,127.1390834,031-538-5510
경기북,영북119안전센터,경기도 포천시 영북면 영북로 144,38.0870702,127.2754054,031-538-5520
경기북,일동119안전센터,경기도 포천시 일동면 영일로 978,37.9480529,127.3099375,031-538-5530
경기북,가산119안전센터,경기도 포천시 포천로 890,37.8485674,127.1944342,031-538-5540
경기북,내촌119안전센터,경기도 포천시 내촌면 내촌로 120,37.7904667,127.2305744,031-538-5550
경기북,영중119안전센터,경기도 포천시 영중면 양문로 66,37.9984762,127.2427239,031-538-5560
경기북,선단119안전센터,경기도 포천시 호국로 1007-33,37.871337,127.1566485,031-538-5570
경기북,백석119안전센터,경기도 양주시 꿈나무로 156,37.7956868,126.9893721,031-849-8500
경기북,회천119안전센터,경기도 양주시 화합로 1272,37.846129,127.0555538,031-849-8510
경기북,광적119안전센터,경기도 양주시 광적면 광적로 55,37.8234202,126.9814916,031-849-8520
경기북,고읍119안전센터,경기도 양주시 고덕로 266,37.8018586,127.0698624,031-849-8530
경기북,남면119안전센터,경기도 양주시 남면 삼육사로 247,37.9016853,126.9864483,031-849-8540
경기북,장흥119안전센터,경기도 양주시 장흥면 일영로 794,37.695437,126.9287784,031-849-8550
경기북,옥정119안전센터,경기도 양주시 옥정로 8길 52,37.8194982,127.1044777,031-849-8560
경기북,불현119안전센터,경기도 동두천시 지행로 6,37.8920012,127.0477009,031-830-5500
경기북,소요119안전센터,경기 동두천시 평화로2910번길 65,37.9463385,127.0651734,031-830-5510
경기북,가평119안전센터,경기도 가평군 가평읍 가화로 36,37.823255,127.5164319,031-734-500
경기북,조종119안전센터,경기도 가평군 조종면 현창로 14,37.8191584,127.3473993,031-734-520
경기북,설악119안전센터,경기도 가평군 설악면 한서로 12,37.6758645,127.4945607,031-734-530
경기북,은대119안전센터,경기도 연천군 전곡읍 평화로 892,38.0484702,127.0689781,031-830-0500
경기북,백학119안전센터,경기도 연천군 백학면 통구리 1067,38.0110042,126.9220686,031-830-0530
경기북,전곡119안전센터,경기도 연천군 전곡읍 전곡로 27,38.0160695,127.0719517,031-830-0510
경기북,연천119안전센터,경기도 연천군 연천읍 차현로 92,38.0993965,127.0768708,031-830-0520
강원,후평119안전센터,강원도 춘천시 후석로 446(후평동),37.8789106,127.7469991,033-248-4119
강원,소양119안전센터,강원도 춘천시 가연길16번길 16,37.878816,127.7225955,033-256-0119
강원,효자119안전센터,강원도 춘천시 효명길 8,37.8711174,127.7263333,033-251-0119
강원,대룡119안전센터,강원도 춘천시 동내면 고은길 9,37.8417643,127.777346,033-262-7119
강원,강촌119안전센터,강원도 춘천시 소주고개길 680,37.7630556,127.6263889,033-262-2119
강원,신북119안전센터,강원도 춘천시 신북읍 신북로 35,37.9285049,127.7514192,033-243-5119
강원,혁신119안전센터,강원도 원주시 동부순환로 201(반곡동),37.3280827,127.9739145,033-769-1592
강원,명륜119안전센터,강원도 원주시 명륜동 832,37.3269476,127.9427859,033-763-6119
강원,학성119안전센터,강원도 원주시 학성길 122,37.3536511,127.9448133,033-732-4119
강원,단구119안전센터,강원도 원주시 강변로 255,37.3305154,127.9614545,033-763-1119
강원,신림119안전센터,강원도 원주시 신림면 치악로 27,37.2297351,128.079,033-763-8118
강원,우산119안전센터,강원도 원주시 우산공단길 9,37.3740371,127.9417972,033-742-6119
강원,태장119안전센터,강원도 원주시 태장공단길 4,37.4014814,127.9526284,033-734-0119
강원,문막119안전센터,강원도 원주시 문막읍 문막시장1길 90,37.303462,127.8145611,033-735-0119
강원,흥업119안전센터,강원도 원주시 흥업면 북원로 1569-81,37.2817646,127.9091161,033-765-2119
강원,기업119안전센터,강원도 원주시 지정면 가곡리 1359-6,37.3672342,127.8709706,033-731-6119
강원,유천119안전센터,강원도 강릉시 선수촌로 64-28(홍제동),37.7519699,128.887931,033-645-0119
강원,옥천119안전센터,강원도 강릉시 용지로 139(옥천동),37.7581438,128.9014361,033-648-2119
강원,경포119안전센터,강원도 강릉시 해안로 502(안현동),37.8050364,128.9051502,033-644-2119
강원,내곡119안전센터,강원도 강릉시 범일로 660(내곡동),37.7340492,128.8771366,033-647-7119
강원,주문진119안전센터,강원도 강릉시 연곡면 연주로 226,37.873971,128.8316559,033-662-2119
강원,포남119안전센터,강원도 강릉시 하평2길 23(포남동),37.7722954,128.9128748,033-653-0119
강원,옥계119안전센터,강원도 강릉시 옥계면 현내시장길 163,37.6023079,129.030117,033-534-0119
강원,천곡119안전센터,강원도 동해시 천곡로 120(천곡동),37.5244612,129.1184599,033-533-3119
강원,묵호119안전센터,강원도 동해시 일출로 29(발한동),37.5491326,129.1098463,033-532-2119
강원,북삼119안전센터,강원도 동해시 효자남길 33-10(동회동),37.4892925,129.1069125,033-521-3119
강원,북평119안전센터,강원도 동해시 공단1로 21(구호동),37.4716054,129.1430291,033-521-5119
강원,황지119안전센터,강원도 태백시 태백로 1120(황지동),37.164372,128.951832,033-552-2119
강원,장성119안전센터,강원도 태백시 석공길 16-9,37.1034148,129.0080083,033-581-6119
강원,철암119안전센터,강원도 태백시 동태백로 552,37.1210254,129.0442047,033-582-9119
강원,화전119안전센터,강원도 태백시 태백로 814,37.1493763,128.9938131,033-553-6119
강원,노학119안전센터,강원도 속초시 미시령로 3226,38.2034327,128.5600925,033-636-2119
강원,영랑119안전센터,강원도 속초시 번영로 188,38.2154702,128.5903006,033-632-9119
강원,설악119안전센터,강원도 속초시 청봉로5길 37,38.1662779,128.5253337,033-636-7119
강원,봉황119안전센터,강원도 삼척시 봉황로 101,37.4465928,129.1709751,033-570-8510
강원,도계119안전센터,강원도 삼척시 도계읍 도계강변3길 16,37.2416066,129.0465295,033-541-2119
강원,원덕119안전센터,강원도 삼척시 원덕읍 삼척로 581,37.1866894,129.3252239,033-572-6119
강원,근덕119안전센터,강원도 삼척시 근덕면 교가길 37,37.3801795,129.2280792,033-574-1119
강원,홍천119안전센터,강원도 홍천군 홍천읍 공작산로 99,37.691451,127.902408,033-435-0119
강원,양덕원119안전센터,강원도 홍천군 남면 시동로 46,37.6112564,127.7703015,033-432-4119
강원,서석119안전센터,강원도 홍천군 서석면 풍암길2길 9,37.7157052,128.1887438,033-433-4119
강원,팔봉119안전센터,강원도 홍천군 서면 팔봉산로 523,37.6789774,127.6692331,033-434-0119
강원,횡성119안전센터,강원도 횡성군 횡성읍 문예로 157,37.4853526,127.9739346,033-340-9511
강원,둔내119안전센터,강원도 횡성군 둔내면 고원남로 42,37.5065159,128.2123069,033-342-1119
강원,우천119안전센터,강원도 횡성군 우천면 서동로 199,37.4448867,128.0692767,033-342-6119
강원,공근119안전센터,강원도 횡성군 공근면 영서로 130-5,37.5213574,127.9539216,033-344-3119
강원,영월119안전센터,강원도 영월군 영월읍 영월로 1863,37.1851998,128.4583934,033-374-2119
강원,주천119안전센터,강원도 영월군 주천면 송학주천로 1467-15,37.2747823,128.2697649,033-372-7119
강원,중동119안전센터,강원도 영월군 중동면 응고개길 10-17,37.142473,128.6798435,033-378-4119
강원,평창119안전센터,강원도 평창군 평창읍 살구실길 10,37.3780095,128.3899712,033-332-2119
강원,진부119안전센터,강원도 평창군 진부면 진부로 37,37.6447217,128.5674179,033-335-7119
강원,봉평119안전센터,강원도 평창군 봉평면 기풍로 107-6,37.6126168,128.3775769,033-336-0119
강원,대관령119안전센터,강원도 평창군 대관령면 올림픽로 62-20,37.6725257,128.7012297,033-335-5119
강원,대화119안전센터,강원도 평창군 대화면 평창대로 934,37.5202213,128.4439284,033-333-2119
강원,조양119안전센터,강원도 정선군 정선읍 녹송로 27,37.3797105,128.6718584,033-560-6511
강원,고한119안전센터,강원도 정선군 고한읍 강원남로 6455,37.1950041,128.8698952,033-591-3119
강원,신동119안전센터,강원도 정선군 신동읍 의림로 342,37.2208419,128.6472112,033-378-0119
강원,임계119안전센터,강원도 정선군 임계면 송계4길 9,37.495193,128.8527671,033-562-6119
강원,사북119안전센터,강원도 정선군 사북읍 하이원길 29,37.2144481,128.816289,033-592-2119
강원,태봉119안전센터,강원도 철원군 갈말읍 태봉로 1504,38.1854405,127.3237273,033-450-2510
강원,동송119안전센터,강원도 철원군 동송읍 금학로 251길 17,38.2108025,127.2160712,033-455-2119
강원,김화119안전센터,강원도 철원군 서면 약수로 76,38.2454988,127.4352574,033-458-1119
강원,갈말119안전센터,강원도 철원군 갈말읍 명성로 229,38.1564409,127.3100551,033-452-0119
강원,화천119안전센터,강원도 화천군 하남면 위라리길 47,38.0948113,127.7172955,033-440-7510
강원,양구119안전센터,강원도 양구군 양구읍 중심로 92,38.1011702,127.9928047,033-480-4514
강원,인제119안전센터,강원도 인제군 인제읍 비봉로 44번길 71,38.0617057,128.16837,033-460-9510
강원,사내119안전센터,강원도 화천군 사내면 문화마을1길 6,38.0680509,127.5249396,033-441-4119
강원,원통119안전센터,강원도 인제군 북면 원통로 301,38.1231424,128.2088599,033-461-3119
강원,기린119안전센터,강원도 인제군 기린면 대내로 34-14,37.9656427,128.318881,033-461-5119
강원,간성119안전센터,강원도 고성군 간성읍 수성로 37-11,38.3776837,128.4667505,033-680-7513
강원,동광119안전센터,강원도 고성군 토성면 동해대로 5320,38.2811752,128.5490993,033-680-7532
강원,거진119안전센터,강원도 고성군 거진읍 수외길 19,38.4409858,128.4525957,033-680-7522
강원,양양119안전센터,강원도 양양군 양양읍 남대천로 33,38.0633276,128.6185234,033-639-7511
강원,하조대119안전센터,강원도 양양군 현북면 동해대로 1155-33,37.9951042,128.737923,033-672-2119
강원,강현119안전센터,강원도 양양군 강현면 장산1길 26,38.145476,128.5950236,033-673-9119
충북,영운119안전센터,충청북도 청주시 상당구 영운로 61,36.6207094,127.4946651,043-251-0222
충북,사천119안전센터,충청북도 청주시 청원구 밀레니엄1로 63,36.6293312,127.4895806,043-251-0245
충북,북문119안전센터,충청북도 청주시 상당구 상당로 168,36.6433995,127.4901219,043-251-0255
충북,문의119안전센터,충청북도 청주시 상당구 문의면 문의시내1길 8,36.5175875,127.4963111,043-251-0265
충북,내수119안전센터,충청북도 청주시 청원구 내수읍 청암로80,36.7246027,127.5389336,043-251-0275
충북,오창119안전센터,충청북도 청주시 청원구 오창읍 중심상업2로 30,36.7127787,127.4324569,043-251-0285
충북,가경119안전센터,충청북도 청주시 흥덕구 가경로 143,36.6273501,127.4371135,043-249-9804
충북,복대119안전센터,충청북도 청주시 흥덕구 공단로 93,36.6404323,127.4415485,043-249-9822
충북,산남119안전센터,충청북도 청주시 서원구 산미로 70,36.6042039,127.4716464,043-249-9837
충북,사직119안전센터,충청북도 청주시 서원구 사직대로 229,36.6392401,127.4714328,043-249-9852
충북,남이119안전센터,충청북도 청주시 서원구 청남로 866,36.6273012,127.4906415,043-249-9867
충북,오송119안전센터,충청북도 청주시 흥덕구 오송생명3로 71-5,36.6370179,127.4696705,043-249-9882
충북,목행119안전센터,충청북도 충주시 목행산단7로 9,37.0032464,127.9206901,043-841-3331
충북,호암119안전센터,충청북도 충주시 호암대로 13,36.9592112,127.9279384,043-841-3341
충북,연수119안전센터,충청북도 충주시 동수10길 1,36.9847123,127.9357111,043-841-3382
충북,서충주119안전센터,충청북도 충주시 대소원면 영평리 538,36.9911266,127.8168014,043-841-3391
충북,수안보119안전센터,충청북도 충주시 수안보면 관동길 9-7,36.8472467,127.9945998,043-841-3351
충북,주덕119안전센터,충청북도 충주시 주덕읍 산양로 35,36.9755716,127.7955856,043-841-3361
충북,앙성119안전센터,충청북도 충주시 앙성면 가곡로 1019,37.1086587,127.7522146,043-841-3371
충북,의림지119안전센터,충청북도 제천시 신죽하로 164,37.1607568,128.2126828,043-641-7300
충북,화산119안전센터,충청북도 제천시 강명길 17,37.1186347,128.2040734,043-641-7311
충북,봉양119안전센터,충청북도 제천시 봉양읍 북부로1433,37.1315746,128.1286342,043-641-7341
충북,보은119안전센터,충청북도 보은군 보은읍 남부로 4415,36.4769345,127.722146,043-773-0210
충북,속리산119안전센터,충청북도 보은군 속리산면 법주사로 278,36.5317457,127.823355,043-773-0230
충북,구병산119안전센터,충청북도 보은군 마로면 관기 송현로 48,36.43664,127.8144905,043-773-0250
충북,옥천119안전센터,충청북도 옥천군 옥천읍 동부로 15,36.3072091,127.5748696,043-730-1900
충북,청산119안전센터,충청북도 옥천군 청산면 남부로 2306,36.3448881,127.7814415,043-730-1920
충북,영동119안전센터,충청북도 영동군 영동읍 영동황간로 174,36.1656451,127.7890282,043-740-7110
충북,황간119안전센터,충청북도 영동군 황간면 황간로 132,36.2352892,127.9038563,043-740-7140
충북,학산119안전센터,충청북도 영동군 학산면 서산로 92,36.0980349,127.6842365,043-740-7170
충북,증평119안전센터,충청북도 증평군 충청대로 1789,36.7879881,127.5839854,043-836-4119
충북,진천119안전센터,충청북도  진천군 진천읍 진광로 93,36.8727806,127.4410743,043-539-8200
충북,덕산119안전센터,충청북도  진천군 덕산읍 초금로 606-1,36.8992655,127.5106696,043-539-8240
충북,광혜원119안전센터,충청북도  진천군 광혜원면 화랑길 99,36.9917024,127.4367734,043-539-8220
충북,괴산119안전센터,충청북도 괴산군 괴산읍 괴강로 69,36.8075362,127.8015004,043-760-0214
충북,청천119안전센터,충청북도 괴산군 청천면 선평길 78-9,36.6591816,127.7332044,043-760-0235
충북,금왕119안전센터,충청북도 음성군 금왕읍 응천서길 11,36.9895842,127.5951396,043-880-0301
충북,음성119안전센터,충청북도 음성군 음성읍 음성로 122,36.930413,127.678501,043-872-2119
충북,대소119안전센터,충청북도 음성군 대소면 오산로 74,36.9694652,127.4859542,043-881-7119
충북,감곡119안전센터,충청북도 음성군 감곡면 음성로 2652,37.1122563,127.643699,043-881-3119
충북,삼성119안전센터,충청북도 음성군 삼성면 금일로 831,37.020883,127.5042855,043-878-5119
충북,단양119안전센터,충청북도 단양군 단양읍 삼봉로 421-56,36.9885617,128.3552336,043-767-4210
충북,매포119안전센터,충청북도 단양군 매포읍 평동4로 79,37.0310688,128.2947952,043-767-4230
충남,구성119안전센터,충청남도 천안시 동남구 천안대로 580,36.7997951,127.1649639,041-570-0332
충남,독립119안전센터,충청남도 천안시 동남구 목천읍 독립기념관로1,36.7834151,127.2231815,041-570-0362
충남,병천119안전센터,충청남도 천안시 동남구 병천면 아우내순대길 78,36.7642144,127.3009754,041-570-0382
충남,청당119안전센터,충청남도 천안시 동남구 청수14로 91,36.7852931,127.1528425,041-570-0406
충남,풍세119안전센터,충청남도 천안시 동남구 풍세면 풍세로 89,36.7225052,127.119775,041-570-0428
충남,차암119안전센터,충청남도 천안시 서북구 직산읍 4산단2길 32,36.8625903,127.1161915,041-360-0330
충남,성거119안전센터,충청남도 천안시 서북구 성거읍 천흥8길 11번,36.8832712,127.2078902,041-360-0360
충남,서부119안전센터,충청남도 천안시 서북구 양지18길 22번,36.8122283,127.1387858,041-360-0380
충남,두정119안전센터,충청남도 천안시 서북구 1공단2길 13,36.8275236,127.1465252,041-360-0400
충남,성환119안전센터,충청남도 천안시 서북구 성환읍 성환1로 395번,36.9276524,127.1312529,041-360-0420
충남,쌍용119안전센터,충청남도 천안시 서북구 월봉로 78번,36.7975597,127.1183152,041-360-0440
충남,입장119안전센터,충청남도 천안시 서북구 입장면 망향로 1107번,36.9090032,127.2272646,041-360-0460
충남,직산119안전센터,충청남도 천안시 서북구 직산읍 직산로 246,36.8908495,127.1611581,041-360-0480
충남,불당119안전센터,충청남도 천안시 서북구 불당23로 62,36.8083197,127.106278,041-360-0490
충남,웅진119안전센터,충청남도 공주시 무령로 55,36.45934,127.1266693,041-851-0332
충남,유구119안전센터,충청남도 공주시 유구읍 유구외곽로 368,36.5399034,126.9459714,041-851-0362
충남,신관119안전센터,충청남도 공주시 의당로 31,36.4748504,127.1297846,041-851-0382
충남,동학사119안전센터,충청남도 공주시 반포면 동학사1로 110,36.363708,127.254013,041-851-0402
충남,계룡119안전센터,충청남도 공주시 계룡면 월암송정길 18,36.3613281,127.1414373,041-851-0422
충남,정안119안전센터,충청남도 공주시 정안면 광정장터길 18,36.6086398,127.122658,041-851-0442
충남,명천119안전센터,충청남도 보령시 성주산로 63,36.3098155,126.6516838,041-930-0332
충남,신흑119안전센터,충청남도 보령시 대천항로 205,36.3168221,126.5143197,041-930-0362
충남,웅천119안전센터,충청남도 보령시 웅천읍 충서로 947,36.235098,126.5971992,041-930-0383
충남,오천119안전센터,충청남도 보령시 오천면 충청수영로 701,36.4333943,126.54313,041-930-0405
충남,주포119안전센터,충청남도 보령시 주포면 질재로 47-16,36.4152378,126.5875554,041-930-0424
충남,모종119안전센터,충청남도 아산시 모종로 77,36.7846172,127.0211754,041-538-0332
충남,둔포119안전센터,충청남도 아산시 충무로 1848,36.9312772,127.0427916,041-538-0362
충남,인주119안전센터,충청남도 아산시 인주면 공세길 19,36.8808498,126.9130263,041-538-0402
충남,신창119안전센터,충청남도 아산시 신창면 순천향로 48,36.771138,126.9353713,041-538-0382
충남,배방119안전센터,충청남도 아산시 배방읍 배방로 38,36.7710286,127.0630436,041-538-0422
충남,탕정119안전센터,충청남도 아산시 탕정면 탕정면로 26,36.8112671,127.0759848,041-538-0442
충남,장재119안전센터,충청남도 아산시 배방읍 용연로 88,36.7908808,127.0909193,041-538-0462
충남,예천119안전센터,충청남도 서산시 호수공원 14로 26-4,36.773144,126.445135,041-689-0332
충남,대산119안전센터,충청남도 서산시 대산읍 망일산로 831-15,36.9393339,126.4464073,041-689-0362
충남,동부119안전센터,충청남도 서산시 학동3로 52,36.7898714,126.4596249,041-689-0382
충남,해미119안전센터,충청남도 서산시 해미면 성지3길 29,36.7097977,126.5428053,041-689-0402
충남,부석119안전센터,충청남도 서산시 부석면 강경벌로 10,36.7174574,126.3936883,041-689-0422
충남,성연119안전센터,충청남도 서산시 성연면 성연5로 92-31,36.837448,126.4622064,041-689-0442
충남,내동119안전센터,충청남도 논산시 대학로 17,36.178221,127.1004094,041-730-0333
충남,반월119안전센터,충청남도 논산시 해월로 155,36.2044894,127.0842081,041-730-0404
충남,강경119안전센터,충청남도 논산시 강경읍 동안로 3,36.1578587,127.0182245,041-730-0362
충남,연산119안전센터,충청남도 논산시 연산면 관창로 54,36.2123193,127.1829072,041-730-0429
충남,연무119안전센터,충청남도 논산시 연무읍 동안로 1137,36.126514,127.1282953,041-730-0382
충남,엄사119안전센터,충청남도 계룡시 엄사면 문화로32,36.27304,127.2342546,042-540-5330
충남,두마119안전센터,충청남도 계룡시 두마면 사계로 170,36.2618802,127.2736217,042-540-5360
충남,당진119안전센터,충청남도 당진시 역천로 838,36.8857583,126.6178819,041-350-5338
충남,석문119안전센터,충청남도 당진시 석문면 보덕포로 1069-21,36.9850805,126.5886038,041-350-5362
충남,합덕119안전센터,충청남도 당진시 우강면 중방로 2,36.8128101,126.7666063,041-350-5382
충남,송악119안전센터,충청남도 당진시 송악읍 송악로 1019,36.9601263,126.7683035,041-350-5402
충남,신평119안전센터,충청남도 당진시 신평면 신평길 133,36.8833575,126.7774522,041-350-5422
충남,기지시119안전센터,충청남도 당진시 송악읍 틀모시로 844,36.8903738,126.6939875,041-350-5442
충남,금산119안전센터,충청남도 금산군 금산읍 삼풍로 2,36.0999024,127.4801948,041-750-1332
충남,추부119안전센터,충청남도 금산군 추부면 삼육로 47,36.1908967,127.4663854,041-750-1362
충남,복진119안전센터,충청남도 금산군 진산면 읍내로 49-1,36.1434838,127.3685885,041-750-1382
충남,백제119안전센터,충청남도 부여군 규암면 계백로17,36.2749535,126.8822431,041-830-0331
충남,사비119안전센터,충청남도 부여군 부여읍 북포로 29,36.3040934,126.937815,041-830-0362
충남,홍산119안전센터,충청남도 부여군 홍산면 북토로 89,36.2181953,126.7554117,041-830-0382
충남,임천119안전센터,충청남도 부여군 임천면 성흥로179번길1,36.1841326,126.896522,041-830-0402
충남,외산119안전센터,충청남도 부여군 외산면 만수로 235,36.3020644,126.7059227,041-830-0422
충남,장항119안전센터,충청남도 서천군 장항읍 장항로 37,36.0134645,126.6830512,041-955-0330
충남,서천119안전센터,충청남도 서천군 서천읍 충절로49번길 33-8,36.0768206,126.6886011,041-955-0360
충남,비인119안전센터,충청남도 서천군 비인면 비인로 141,36.1387245,126.6037212,041-955-0380
충남,서면119안전센터,충청남도 서천군 서면 부사로 153,36.1631194,126.531598,041-955-0400
충남,한산119안전센터,충청남도 서천군 한산면 충절로 1164,36.0830758,126.8060963,041-955-0420
충남,판교119안전센터,충청남도 서천군 판교면 대백제로 1953-24,36.1578514,126.6898456,041-955-0440
충남,청양119안전센터,충청남도 청양군 청양읍 충절로 1187,36.4515941,126.7924738,041-940-7332
충남,정산119안전센터,충청남도 청양군 정산면 서정4길 49,36.4166386,126.9479785,041-940-7362
충남,구룡119안전센터,충청남도 홍성군 홍성읍 충절로 741,36.5847967,126.6956618,041-630-0334
충남,광천119안전센터,충청남도 홍성군 광천읍 충서로 354,36.5140169,126.6224801,041-630-0382
충남,옥암119안전센터,충청남도 홍성군 홍성읍 충서로 1258,36.5887624,126.6575721,041-630-0362
충남,내포119안전센터,충청남도 홍성군 홍북읍 의향로 133,36.650011,126.6917318,041-630-0422
충남,갈산119안전센터,충청남도 홍성군 갈산면 갈산로150번길 16,36.5998379,126.5544531,041-630-0402
충남,오가119안전센터,충청남도 예산군 오가면 오가중앙로 111,36.6865672,126.8017581,041-330-4332
충남,금오119안전센터,충청남도 예산군 예산읍 예당관광로 760,36.6784933,126.8271421,041-330-4362
충남,삽교119안전센터,충청남도 예산군 삽교읍 삽교로1길 34,36.6890441,126.738132,041-330-4382
충남,덕산119안전센터,충청남도 예산군 덕산면 도청대로 1160,36.7048423,126.673179,041-330-4402
충남,태안119안전센터,충청남도 태안군 태안읍 동백로 100,36.7535367,126.2927352,041-671-0332
충남,안면119안전센터,충청남도 태안군 안면읍 장터로 77,36.5157599,126.3481734,041-671-0362
충남,원북119안전센터,충청남도 태안군 원북면 원이로 1031,36.8173153,126.2685769,041-671-0382
충남,근흥119안전센터,충청남도 태안군 근흥면 신진대교길 201-8,36.6806621,126.1478963,041-671-0402
전북,금암119안전센터,전라북도 전주시 덕진구 백제대로 611,35.8422624,127.136683,063-250-4272
전북,아중119안전센터,전라북도 전주시 덕진구 진버들4길 16,35.8360202,127.1638699,063-250-4275
전북,팔복119안전센터,전라북도 전주시 덕진구 온고을로 430,35.8504135,127.0822756,063-250-4273
전북,전미119안전센터,전라북도 전주시 덕진구 과학로 144,35.8817976,127.1286379,063-250-4274
전북,효자119안전센터,전라북도 전주시 완산구 거마평로 73,35.7990615,127.1164033,063-220-4272
전북,서부119안전센터,전라북도 전주시 완산구 우전로 228,35.8132624,127.1011393,063-228-0119
전북,교동119안전센터,전라북도 전주시 완산구 경기전길 183,35.8111666,127.1517619,063-284-0119
전북,노송119안전센터,전라북도 전주시 완산구 관선4길 38,35.8222787,127.1560991,063-287-7119
전북,평화119안전센터,전라북도 전주시 완산구 평화로 105,35.786243,127.1338567,063-236-4119
전북,임실119안전센터,전라북도 임실군 임실읍 감천로 33,35.6053677,127.2964324,063-642-2119
전북,사정119안전센터,전라북도 군산시 번영로 308,35.9628283,126.7510771,063-450-0228
전북,금동119안전센터,전라북도 군산시 군산창길 1,35.9897466,126.7072415,063-450-0274
전북,항만119안전센터,전라북도 군산시 임해로 462,35.9723374,126.6253679,063-450-0275
전북,비응119안전센터,전라북도 군산시 새만금북로 43,35.9454065,126.5834204,063-450-0279
전북,지곡119안전센터,전라북도 군산시 백토로 223,35.9590722,126.7047741,063-450-0273
전북,경암119안전센터,전라북도 군산시 구암3.1로 147,35.9816852,126.735591,063-450-0277
전북,산북119안전센터,전라북도 군산시 산북로 71-11,35.961449,126.6729507,063-450-0276
전북,대야119안전센터,전라북도 군산시 대야면 대야관통로 5,35.9501319,126.8219549,063-450-0278
전북,팔봉119안전센터,전라북도 익산시 무왕로 1338,35.9592947,126.9671608,063-836-2119
전북,남중119안전센터,전라북도 익산시 인북로 397,35.9488844,126.9572232,063-855-0119
전북,공단119안전센터,전라북도 익산시 선화로 429,35.9471129,126.9771308,063-833-0119
전북,인화119안전센터,전라북도 익산시 목천로 301,35.928262,126.954555,063-852-0119
전북,모현119안전센터,전라북도 익산시 배산로 181,35.9537474,126.9418043,063-853-0119
전북,함열119안전센터,전라북도 익산시 함열읍 함열중앙로 133,36.078187,126.9632322,063-861-0119
전북,금마119안전센터,전라북도 익산시 금마면 미륵사지로 130,35.9977001,127.0477059,063-839-3278
전북,하북119안전센터,전라북도 정읍시 서부산업도로 507-5,35.5898628,126.8601509,063-570-1272
전북,시기119안전센터,전라북도 정읍시 정읍남로 1421,35.5577775,126.8573758,063-570-1273
전북,신태인119안전센터,전라북도 정읍시 신태인읍 정신로 1241,35.6913331,126.8782943,063-570-1274
전북,영원119안전센터,전라북도 정읍시 영원면 영원로 1048,35.6521377,126.7842725,063-570-1275
전북,칠보119안전센터,전라북도 정읍시 태산로 2165,35.5503042,127.0648701,063-570-1276
전북,식정119안전센터,전라북도 남원시 요천로 1965,35.4368914,127.4163573,063-626-0119
전북,인월119안전센터,전라북도 남원시 인월면 황산로 1828,35.4653818,127.6023143,063-636-5119
전북,금지119안전센터,전라북도 남원시 금지면 요천로 430,35.347899,127.303159,063-635-2119
전북,교동119안전센터,전라북도 김제시 벽성로 278,35.7988747,126.8702019,063-540-4272
전북,만경119안전센터,전라북도 김제시 만경읍 만경공단1길 7,35.8576521,126.8169446,063-540-4273
전북,검산119안전센터,전라북도 김제시 검산동 314-2,35.8055914,126.9140513,예정
전북,금산119안전센터,전라북도 김제시 금산면 금산사로 29,35.7195301,126.994734,063-540-4274
전북,봉동119안전센터,전라북도 완주군 삼례읍 삼봉로 518,35.918125,127.092284,063-290-0272
전북,삼례119안전센터,전라북도 완주군 삼례읍 삼례역로 27,35.9088307,127.0705383,063-290-0273
전북,고산119안전센터,전라북도 완주군 고산면 고산로 49,35.9759272,127.202617,063-290-0274
전북,혁신119안전센터,전라북도 완주군 이서면 지사제2로 12,35.8206231,127.0225475,063-290-0275
전북,진안119안전센터,전라북도 진안군 진안읍 쇠징계로 9,35.8004615,127.4344646,063-350-5273
전북,마령119안전센터,전라북도 진안군 마령면 임진로 2077-24,35.7317726,127.3698093,063-350-5276
전북,장계119안전센터,전라북도 장수군 장계면 육십령로 136,35.7322307,127.5895716,063-350-6272
전북,무주119안전센터,전라북도 무주군 무주읍 당산강변로 126,36.0030281,127.6599259,063-350-6274
전북,구천동119안전센터,전라북도 무주군 설천면 구천동1로 54,35.9032091,127.7768827,063-350-6286
전북,장수119안전센터,전라북도 장수군 장수읍 호비로 42,35.6499132,127.5212602,063-350-6275
전북,순창119안전센터,전라북도 순창군 순창읍 교성로 24,35.371977,127.1338463,063-650-9272
전북,고창119안전센터,전라북도 고창군 고창읍 녹두로 1294,35.4326873,126.6879967,063-560-1272
전북,무장119안전센터,전라북도 고창군 무장면 무장남북로 20-5,35.4165379,126.5616366,063-560-1273
전북,흥덕119안전센터,전라북도 고창군 흥덕면 문화2길 21,35.517292,126.7032723,063-560-1274
전북,대산119안전센터,전라북도 고창군 대산면 공음대산로 932,35.3398643,126.598237,063-560-1275
전북,부안119안전센터,전라북도 부안군 행안면 변산로 86,35.7297661,126.7119416,063-580-1272
전북,격포119안전센터,전라북도 부안군 변산면 격포항길 64-17,35.6200238,126.4706468,063-580-1273
전남,하당119안전센터,전라남도 목포시 삼향천로 110,34.8099704,126.4302846,061-280-0890
전남,호남119안전센터,전라남도 목포시 영산로 165,34.7970501,126.3880174,061-280-0925
전남,경동119안전센터,전라남도 목포시 유동로 42번길 1,34.7855348,126.3807314,061-280-0930
전남,삼학119안전센터,전라남도 목포시 삼학로 218,34.7900241,126.4066495,061-280-0935
전남,연산119안전센터,전라남도 목포시 산정공단로 64,34.8187448,126.3777602,061-280-0940
전남,학동119안전센터,전라남도 여수시 망마로 20,34.7599418,127.6651119,061-680-0890
전남,평여119안전센터,전라남도 여수시 여수산단로 321(평여동),34.8070347,127.6834863,061-680-0940
전남,소라119안전센터,전라남도 여수시 소라면 여순로 297,34.831026,127.6145751,061-680-0955
전남,연등119안전센터,전라남도 여수시 좌수영로 162(연등동),34.745544,127.7296726,061-680-0925
전남,여서119안전센터,전라남도 여수시 문수로 131(문수동),34.7564771,127.7081012,061-680-0945
전남,봉산119안전센터,전라남도 여수시 어항단지로 222-5(남산동),34.730206,127.7301473,061-680-0935
전남,돌산119안전센터,전라남도 여수시 돌산읍 강남로 34,34.718624,127.7502369,061-680-0950
전남,서면119안전센터,전라남도 순천시 서면 삼산로 281,34.9865684,127.5038778,061-750-0894
전남,저전119안전센터,전라남도 순천시 중앙로 19,34.9480428,127.4865129,061-750-0926
전남,왕조119안전센터,전라남도 순천시 기적의도서관 1길 30,34.9526527,127.5248018,061-750-0931
전남,연향119안전센터,전라남도 순천시 연향1로 26,34.944733,127.5171523,061-750-0941
전남,승주119안전센터,전라남도 순천시 승주읍 승평길 19-17,35.0194612,127.372909,061-750-0936
전남,구례119안전센터,전라남도 구례군 구례읍 양정4길 37,35.2023767,127.4701944,061-750-0946
전남,해룡119안전센터,전라남도 순천시 해룡면 율촌산단5로 17,34.9123393,127.5750766,061-750-0952
전남,신대119안전센터,전라남도 순천시 해룡면 매안로142,34.926774,127.55587,061-750-0956
전남,경현119안전센터,전라남도 나주시 예향로 4201,35.0277401,126.709673,061-330-0890
전남,이창119안전센터,전라남도 나주시 이창택지길 6-13,34.994965,126.7064546,061-330-0925
전남,남평119안전센터,전라남도 나주시 남평읍 지석로 106,35.0413322,126.8461605,061-330-0930
전남,빛가람119안전센터,전라남도 나주시 그린로 296,35.0160601,126.7107572,061-330-0935
전남,중마119안전센터,전라남도 광양시 중마중앙로 109,34.9399202,127.6976867,061-798-0890
전남,금호119안전센터,전라남도 광양시 희망길 12-12(금호동),34.9363629,127.7253546,061-798-0935
전남,광양119안전센터,전라남도 광양시 광양읍 서변천로 175,34.9732206,127.5810155,061-798-0925
전남,광영119안전센터,전라남도 광양시 금영로 87(광영동),34.9587592,127.7203273,061-798-0930
전남,담양119안전센터,전라남도 담양군 담양읍 추성로 1232,35.3181713,126.9736509,061-380-0890
전남,고서119안전센터,전라남도 고서면 창평헌로 398,35.2270915,126.9945329,061-380-0936
전남,곡성119안전센터,전라남도 곡성군 곡성읍 학교로 7,35.277243,127.2893374,061-380-0926
전남,옥과119안전센터,전라남도 곡성군 옥과면 리문6길 29,35.2744765,127.1375037,061-380-0931
전남,고흥119안전센터,전라남도 고흥군 풍양면 고흥로 1330,34.5815019,127.2560495,061-840-0890
전남,도양119안전센터,전라남도 고흥군 도양읍 녹동신항5길 4,34.5259408,127.1412309,061-840-0925
전남,과역119안전센터,전라남도 고흥군 과역면 과역로 974,34.6888214,127.3628678,061-840-0933
전남,벌교119안전센터,전라남도 보성군 벌교읍 녹색로 5247,34.8385679,127.3156753,061-859-0890
전남,보성119안전센터,전라남도 보성군 보성읍 송재로 160,34.7700298,127.0801318,061-859-0925
전남,홍교119안전센터,전라남도 보성군 벌교읍 홍암로 116-4,34.846659,127.3543433,061-859-0930
전남,화순119안전센터,전라남도 화순군 화순읍 학포로 2750,35.0506223,126.9718859,061-379-0891
전남,능주119안전센터,전라남도 화순군 능주면 지석로 1428,34.9960023,126.9499865,061-379-0926
전남,동복119안전센터,전라남도 화순군 동복면 천변길 7,35.0705568,127.1260466,061-379-0931
전남,장흥119안전센터,전라남도 장흥군 장흥읍 북부로 138,34.6874519,126.9111852,061-850-0891
전남,정남진119안전센터,전라남도 장흥군 관산읍 관산우회로 103,34.5650178,126.9353506,061-850-0926
전남,강진119안전센터,전라남도 강진군 군동면 중앙로 223,34.6432038,126.7809313,061-430-0890
전남,성전119안전센터,전라남도 강진군 성전면 송학리 837-2,34.6718702,126.7439264,061-430-0925
전남,해남119안전센터,전라남도 해남군 해남읍 교육청길 82,34.566334,126.6077814,061-530-0890
전남,땅끝119안전센터,전라남도 해남군 송지면 미야길 237-3,34.3844838,126.5176087,061-530-0940
전남,삼호119안전센터,전라남도 영암군 삼호읍 나불로 192,34.766809,126.4391929,061-460-0890
전남,영암119안전센터,전라남도 영암군 영암읍 월출로 46,34.7984512,126.6861732,061-460-0925
전남,신북119안전센터,전라남도 영암군 신북면 모산리 661-1,34.8952869,126.6941874,061-460-0930
전남,무안119안전센터,전라남도 무안군 무안읍 공항로 133,34.9939278,126.4740792,061-450-0890
전남,일로119안전센터,전라남도 무안군 일로읍 삼일로 493-1,34.8511533,126.4901708,061-450-0925
전남,해제119안전센터,전라남도 무안군 해제면 현해로 1621,35.1123645,126.3011209,061-450-0930
전남,남악119안전센터,전라남도 무안군 삼향읍 남악5로72번길81-18,34.8118578,126.4737257,061-450-0935
전남,함평119안전센터,전라남도 함평군 대동면 함장로 1202-93,35.0524048,126.5310617,061-338-0890
전남,나산119안전센터,전라남도 함평군 나산면 함장로 2786,35.1202216,126.5921418,061-338-0925
전남,영광119안전센터,전라남도 영광군 영광읍 함영로 3508,35.2629482,126.5090084,061-350-0890
전남,홍농119안전센터,전라남도 영광군 홍농읍 홍농로 543,35.40237,126.4490212,061-350-0925
전남,장성119안전센터,전라남도 장성군 장성읍 단풍로 204,35.3205101,126.7998553,061-360-0891
전남,삼계119안전센터,전라남도 장성군 삼계면 영장로 1632,35.2551261,126.6672502,061-360-0926
전남,완도119안전센터,전라남도 완도군 완도읍 농공단지길 7,34.3370878,126.7327743,061-470-0890
전남,고금119안전센터,전라남도 완도군 고금면 고금동로 266,34.402632,126.8250695,061-470-0925
전남,진도119안전센터,전라남도 진도군 진도대로 6945,34.4729778,126.247298,061-530-0934
전남,임회119안전센터,전라남도 진도군 임회면 십일시장길 34,34.4105215,126.1924259,061-530-0946
전남,신안119안전센터,전라남도 신안군 암태면 단고리 973-6,34.8251412,126.1109983,061-280-0950
전남,지도119안전센터,전라남도 신안군 지도읍 해제지도로 1304,35.0588173,126.2049465,061-280-0945
경북,덕산119안전센터,경상북도 포항시 북구 중앙로 332,36.0424692,129.3661284,054-260-2400
경북,두호119안전센터,경상북도 포항시 북구 삼호로 305,36.0644889,129.382938,054-260-2410
경북,흥해119안전센터,경상북도 포항시 북구 흥해읍 중성로 67,36.1091562,129.3504508,054-260-2420
경북,장량119안전센터,경상북도 포항시 북구 법원로 158,36.0822108,129.3861089,054-260-2430
경북,기계119안전센터,경상북도 포항시 북구 기계면 기계로 371,36.0801619,129.1868166,054-260-2460
경북,일월119안전센터,경상북도 포항시 남구 동해안로 5890,35.9933538,129.4189363,054-284-2725
경북,해도119안전센터,경상북도 포항시 남구 중앙로 118,36.0236112,129.3687216,054-281-1119
경북,제철119안전센터,경상북도 포항시 남구 철강로 360,35.9784137,129.3782347,054-286-0119
경북,연일119안전센터,경상북도 포항시 남구 연일읍 철강로 10,35.9916159,129.3439941,054-286-1119
경북,효자119안전센터,경상북도 포항시 남구 지곡로212번길 45,36.0294686,129.3255366,054-273-2119
경북,오천119안전센터,경상북도 포항시 남구 오천읍 해병로 369,35.9627732,129.4095359,054-292-0119
경북,구룡포119안전센터,경상북도 포항시 남구 구룡포읍 호미로 265,35.9910262,129.5593828,054-284-0119
경북,울릉119안전센터,경상북도 울릉군 울릉읍 울릉순환로 415,37.4882645,130.8968022,054-791-2119
경북,황오119안전센터,경상북도 경주시 알천남로 276,35.8441775,129.228024,054-778-0601
경북,동부119안전센터,경상북도 경주시 중앙로 59,35.8451261,129.2113713,054-778-0611
경북,보문119안전센터,경상북도 경주시 경감로 587-8,35.8349297,129.2870911,054-778-0631
경북,안강119안전센터,경상북도 경주시 안강읍 안강중앙로 146,35.9932171,129.2160704,054-778-0651
경북,감포119안전센터,경상북도 경주시 감포읍 동해안로 2153,35.7972787,129.50029,054-778-0671
경북,외동119안전센터,경상북도 경주시 외동읍 입실로1길 78-15,35.7168247,129.3272834,054-778-0661
경북,건천119안전센터,경상북도 경주시 건천읍 내서로 1065,35.8529421,129.1001403,054-778-0681
경북,용황119안전센터,경상북도 경주시 공단로 25,35.8753034,129.2170696,054-778-0641
경북,불국사119안전센터,경상북도 경주시 불국신택지4길 4,35.7838511,129.3274777,054-778-0621
경북,양금119안전센터,경상북도 김천시 강변로 219(양천동),36.0864417,128.1153987,054-436-0118
경북,다수119안전센터,경상북도 김천시 영남대로 1246,36.1273949,128.0728703,054-430-0119
경북,대광119안전센터,경상북도 김천시 공단로 152-36,36.1483421,128.1380093,054-432-0119
경북,지례119안전센터,경상북도 김천시 지례면 장터길 115,35.9900455,128.0305954,054-435-0119
경북,아포119안전센터,경상북도 김천시 아포읍 아포공단길 45,36.1664134,128.2547848,054-439-0119
경북,율곡119안전센터,경상북도 김천시 혁신7로 46,36.1398393,128.1135947,054-437-8119
경북,법흥119안전센터,경상북도 안동시 육사로 301,36.5610264,128.7372937,054-854-6119
경북,용상119안전센터,경상북도 안동시 마들6길 27,36.5507051,128.7617793,054-821-1119
경북,풍산119안전센터,경상북도 안동시 풍산읍 풍산태사로 1162,36.580363,128.5820108,054-858-4119
경북,옥동119안전센터,경상북도 안동시 광명로 85,36.5608776,128.6978674,054-853-6119
경북,도산119안전센터,경상북도 안동시 도산면 퇴계로 2171,36.7503376,128.8491934,054-856-7119
경북,청송119안전센터,경상북도 청송군 청송읍 길안청송로 1630,36.433855,129.041864,054-873-1119
경북,진보119안전센터,경상북도 청송군 진보면 청송로 6346,36.5212761,129.0395212,054-874-5119
경북,영양119안전센터,경상북도 영양군 영양읍 군민회관길 42-14,36.6595348,129.1164086,054-682-3119
경북,입암119안전센터,경상북도 영양군 입암면 입암로 153,36.5981025,129.0871406,054-682-4119
경북,공단119안전센터,경상북도 구미시 수출대로 112,36.1105264,128.3765364,054-461-3119
경북,송정119안전센터,경상북도 구미시 백산로 207,36.11884,128.3457792,054-452-0119
경북,원평119안전센터,경상북도 구미시 산업로 174,36.1286515,128.3406413,054-454-6119
경북,봉곡119안전센터,경상북도 구미시 봉곡동로 48,36.1527172,128.3151532,054-452-2119
경북,인동119안전센터,경상북도 구미시 이계북로 147,36.106092,128.4183832,054-471-0119
경북,선산119안전센터,경상북도 구미시 선산읍 선산대로 1400-13,36.2394112,128.3050065,054-482-0119
경북,고아119안전센터,경상북도 구미시 고아읍 선산대로 821,36.1994994,128.3397159,054-481-3119
경북,해평119안전센터,경상북도 구미시 해평면 강동로 1663,36.198882,128.3911068,054-474-4119
경북,상림119안전센터,경상북도 구미시 상림로 45,36.0900015,128.3603626,054-465-9116
경북,옥계119안전센터,경상북도 구미시 산동면 산호대로41길 4,36.1388234,128.4394461,054-471-5119
경북,문수119안전센터,경상북도 영주시 문수면 적서로448번길 17,36.7919778,128.6330196,054-630-0401
경북,가흥119안전센터,경상북도 영주시 선비로 181,36.8207558,128.6189986,054-630-0441
경북,풍기119안전센터,경상북도 영주시 풍기읍 기주로 159,36.873209,128.5191073,054-630-0411
경북,봉화119안전센터,경상북도 봉화군 봉화읍 문수로 42,36.9000263,128.7356196,054-630-0421
경북,춘양119안전센터,경상북도 봉화군 춘양면 소천로 22,36.9217763,128.9208668,054-630-0431
경북,명호119안전센터,경상북도 봉화군 명호면 도천길 18-46,36.8582354,128.9017496,054-630-0451
경북,동부119안전센터,경상북도 영천시 호국로 187,35.9777636,128.9578826,054-339-6901
경북,남부119안전센터,경상북도 영천시 한방로 176-0,35.9389203,128.9472019,054-339-6942
경북,금호119안전센터,경상북도 영천시 금호읍 오계공단길 5,35.9137812,128.8875675,054-339-6911
경북,신녕119안전센터,경상북도 영천시 신녕면 어릿골길 11,36.043866,128.778864,054-339-6921
경북,서성119안전센터,경상북도 상주시 상산로 322,36.4196445,128.1597655,054-530-3802
경북,함창119안전센터,경상북도 상주시 함창읍 가야로 46-1,36.5664638,128.1783855,054-530-3810
경북,청리119안전센터,경상북도 상주시 청리면 마공공단로 152,36.318508,128.1261617,054-530-3820
경북,화서119안전센터,경상북도 상주시 화서면 상현무동길 5,36.4463341,127.9480497,054-530-3830
경북,점촌119안전센터,경상북도 문경시 중앙로 305,36.610208,128.2095214,054-555-2119
경북,모전119안전센터,경상북도 문경시 모전로 173,36.5965768,128.1869233,054-555-5119
경북,가은119안전센터,경상북도 문경시 가은읍 가은로 126,36.6422021,128.0626756,054-571-5119
경북,문경119안전센터,경상북도 문경시 문경읍 새재로 501,36.7347988,128.102527,054-571-0119
경북,압량119안전센터,경상북도 경산시 압량읍 김유신로 12,35.8433042,128.7598684,053-813-1119
경북,중앙119안전센터,경상북도 경산시 장산로 143,35.8187241,128.7407742,053-813-0119
경북,중산119안전센터,경상북도 경산시 펜타힐즈4로 1,35.8349806,128.7185877,053-817-1191
경북,하양119안전센터,경상북도 경산시 하양읍 대경로 793,35.9151296,128.8257825,053-852-0119
경북,진량119안전센터,경상북도 경산시 진량읍 공단2로 72,35.871507,128.8266584,053-856-0119
경북,자인119안전센터,경상북도 경산시 자인면 금학로 25-11,35.8214779,128.8261925,053-857-2119
경북,봉양119안전센터,경상북도 의성군 봉양면 대로 4741,36.3007453,128.5763375,054-830-7800
경북,의성119안전센터,경상북도 의성군 의성읍 홍술로 187,36.3582577,128.6991376,054-834-7119
경북,안계119안전센터,경상북도 의성군 안계면 안계길 100,36.3827698,128.4411078,054-861-0119
경북,군위119안전센터,경상북도 군위군 군위읍 군위공단길 65,36.2075401,128.560377,054-383-0119
경북,의흥119안전센터,경상북도 군위군 의흥면 읍내길 23,36.1767214,128.713936,054-382-7119
경북,영덕119안전센터,경상북도 영덕군 영덕읍 경동로 8401,36.4167995,129.3710088,054-730-1600
경북,강구119안전센터,경상북도 영덕군 강구면 강산로 38,36.3513723,129.3746922,054-730-1610
경북,영해119안전센터,경상북도 영덕군 영해면 창수영해로 481,36.5424249,129.3956569,054-730-1620
경북,청도119안전센터,경상북도 청도군 청도읍 중앙로 192-34,35.6422693,128.7594845,054-373-0119
경북,풍각119안전센터,경상북도 청도군 풍각면 송서로 64,35.6388671,128.6177587,054-372-2119
경북,금천119안전센터,경상북도 청도군 금천면 청려로 4363,35.6900288,128.8952509,054-372-3119
경북,대가야119안전센터,경상북도 고령군 대가야읍 벽화길18,35.7239283,128.2685879,054-950-8100
경북,다산119안전센터,경상북도 고령군 다산면 다산로 506,35.8219087,128.4272761,054-950-8110
경북,성주119안전센터,경상북도 성주군 성주읍 주산로 193,35.9340235,128.3047069,054-933-0119
경북,선남119안전센터,경상북도 성주군 선남면 도성3길 39-17,35.8815335,128.3685941,054-931-3370
경북,왜관119안전센터,경상북도 칠곡군 기산면 칠곡대로 1216,35.9956679,128.3880715,054-970-2800
경북,북삼119안전센터,경상북도 칠곡군 북삼읍 안산2길 46,36.0667896,128.3374049,054-970-2810
경북,석적119안전센터,경상북도 칠곡군 석적읍 유학로 140,36.0723711,128.4392825,054-970-2840
경북,금산119안전센터,경상북도 칠곡군 왜관읍 공단로 194,35.9678011,128.4171113,054-970-2827
경북,가산119안전센터,경상북도 칠곡군 가산면 다부원1길 57,36.0458182,128.5203551,054-970-2837
경북,동명119안전센터,경상북도 칠곡군 동명면 한티로 216,35.9907783,128.5771588,054-970-2850
경북,예천119안전센터,경상북도 예천군 예천읍 양궁로 61-12,36.6480313,128.463409,054-650-3600
경북,지보119안전센터,경상북도 예천군 지보면 지보로 247,36.5385352,128.3827701,054-650-3610
경북,도청119안전센터,경상북도 예천군 호명면 도청대로 19,36.5943528,128.4683716,054-650-3620
경북,울진119안전센터,경상북도 울진군 울진읍 울진북로 508,36.9934617,129.3946032,054-780-1401
경북,죽변119안전센터,경상북도 울진군 죽변면 하죽로 1841,37.0547707,129.4124827,054-780-1411
경북,북면119안전센터,경상북도 울진군 북면 장터길 69,37.1037978,129.37505,054-780-1450
경북,후포119안전센터,경상북도 울진군 후포면 실배길 28-1,36.6893891,129.4449973,054-780-1423
경북,온정119안전센터,경상북도 울진군 온정면 백암온천로 1315,36.7210807,129.3475179,054-780-1431
경남,상대119안전센터,경상남도 진주시 동진로 249,35.1804868,128.1182794,055-760-9360
경남,중앙119안전센터,경상남도 양산시 북장대로64번길 14,35.1959045,128.0745986,055-379-9370
경남,천전119안전센터,경상남도 진주시 강남로 167번길 16,35.1828436,128.0941076,055-760-9380
경남,평거119안전센터,경상남도 진주시 순환로 565,35.174103,128.0588189,055-760-9390
경남,문산119안전센터,경상남도 진주시 문산읍 월아산로 979,35.1587156,128.1637291,055-760-9400
경남,금산119안전센터,경상남도 진주시 금산면 중천리 585-2,35.2116213,128.1339641,055-760-9440
경남,죽림119안전센터,경상남도 통영시 광도면 죽림4로 49,34.8834969,128.4190654,055-640-9361
경남,무전119안전센터,경상남도 통영시 원문로 71,34.8603802,128.4225777,055-640-9422
경남,서호119안전센터,경상남도 통영시 중앙로 91-8,34.8422773,128.4192216,055-640-9372
경남,도남119안전센터,경상남도 통영시 도남로257,34.8283915,128.4324472,055-640-9380
경남,동금119안전센터,경상남도 사천시 남일로 29,34.9331232,128.0797948,055-830-9400
경남,사천119안전센터,경상남도 사천시 사천읍 무산로 21,35.0875836,128.0882327,055-830-9420
경남,사남119안전센터,경상남도 사천시 사남면 공단2로 53,35.0642965,128.0670759,055-830-9410
경남,곤양119안전센터,경상남도 사천시 곤양면 곤북로 64,35.0555163,127.9542911,055-850-9430
경남,삼정119안전센터,경상남도 김해시 김해대로 2507,35.2285953,128.9014111,055-320-9360
경남,동상119안전센터,경상남도 김해시 구지로 179,35.2386469,128.8829216,055-320-9370
경남,내외119안전센터,경상남도 김해시 내외로 77,35.2349669,128.86552,055-320-9380
경남,상동119안전센터,경상남도 김해시 상동면 상동로 637,35.3120142,128.9378803,055-320-9390
경남,생림119안전센터,경상남도 김해시 생림면 봉림로 106,35.333719,128.847333,055-320-9400
경남,북부119안전센터,경상남도 김해시 해반천로 166,35.2628998,128.8675753,055-320-9410
경남,대동119안전센터,경상남도 김해시 대동면 동남로 41번길 19,35.2352733,128.9929153,055-320-9420
경남,진례119안전센터,경상남도 김해시 진례면 서부로 730,35.2373323,128.7625339,055-344-9370
경남,장유119안전센터,경상남도 김해시 번화2로 12,35.1901878,128.8062824,055-344-9360
경남,진영119안전센터,경상남도 김해시 진영읍 장등로 4,35.3066441,128.7353543,055-344-9380
경남,주촌119안전센터,경상남도 김해시 주촌면 주선로 29,35.235812,128.8306816,055-344-9390
경남,한림119안전센터,경상남도 김해시 한림면 한림로 401번길 50,35.3232483,128.800405,055-344-9410
경남,율하119안전센터,경상남도 김해시 율하4로 112,35.17407,128.8072853,055-344-9420
경남,교동119안전센터,경상남도 밀양시 밀양대공원로 66,35.5011215,128.7597729,055-350-9360
경남,가곡119안전센터,경상남도 밀양시 용두로 5,35.4790682,128.7646145,055-350-9374
경남,하남119안전센터,경상남도 밀양시 하남읍 명례로 108,35.3684124,128.7331618,055-350-9385
경남,삼랑진119안전센터,경상남도 밀양시 삼랑진읍 삼랑진로 16-3,35.3840189,128.8228815,055-350-9394
경남,산동119안전센터,경상남도 밀양시 산외면 단산길 2,35.5110093,128.8405698,055-350-9402
경남,무안119안전센터,경상남도 밀양시 무안면 사명로 541,35.4731055,128.6524065,055-350-9412
경남,옥포119안전센터,경상남도 거제시 진목로 1,34.8961382,128.6861837,055-689-9361
경남,장승포119안전센터,경상남도 거제시 능포로 77,34.8714165,128.7291065,055-689-9370
경남,신현119안전센터,경상남도 거제시 계룡로 52,34.8757889,128.626882,055-689-9380
경남,거제119안전센터,경상남도 거제시 거제면 거제남서로 3429,34.8472448,128.5890236,055-689-9400
경남,연초119안전센터,경상남도 거제시 연초면 거제북로1,34.9122641,128.6526627,055-689-9410
경남,동부119안전센터,경상남도 거제시 동부면 거제대로 957,34.7753583,128.6413525,055-689-9420
경남,사등119안전센터,경상남도 거제시 사등면 덕호해안길 63,34.8789787,128.475266,055-689-9430
경남,물금119안전센터,경상남도 양산시 물금읍 황산로 719,35.3340411,129.010046,055-379-9360
경남,중앙119안전센터,경상남도 양산시 신기로 13,35.3575757,129.0436562,055-379-9370
경남,웅상119안전센터,경상남도 양산시 웅상대로 1120,35.3979926,129.1625017,055-379-9380
경남,하북119안전센터,경상남도 양산시 하북면 양산대로 2255-38,35.4631407,129.0801871,055-379-9390
경남,중부119안전센터,경상남도 양산시 양산역 6길 27,35.3373219,129.0289816,055-379-9330
경남,평산119안전센터,경상남도 양산시 내연4길 9,35.3749986,129.1468309,055-379-9320
경남,상북119안전센터,경상남도 양산시 석계로 37,35.4131267,129.063729,055-379-9420
경남,의령119안전센터,경상남도 의령군 의령읍 의병로 108-17,35.319948,128.2484748,055-570-9310
경남,부림119안전센터,경상남도 의령군 부림면 대한로 1666,35.4637138,128.3147351,055-570-9320
경남,가야119안전센터,경상남도 함안군 가야읍 선왕길 59,35.2860004,128.3996684,055-580-9300
경남,칠원119안전센터,경상남도 함안군 칠원읍 용산2길 121,35.3118442,128.5138822,055-580-9330
경남,군북119안전센터,경상남도 함안군 군북면 함마대로 760,35.2646118,128.3432415,055-580-9340
경남,창녕119안전센터,경상남도 창녕군 대지면 우포2로 1097,35.55042,128.4791592,055-259-9360
경남,남지119안전센터,경상남도 창녕군 남지읍 동포로 64,35.394949,128.4809469,055-259-9370
경남,영산119안전센터,경상남도 창녕군 영산면 영산장마로 697,35.4593284,128.52061,055-259-9330
경남,부곡119안전센터,경상남도 창녕군 부곡면 원앙로 184,35.4376299,128.588784,055-259-9380
경남,고성119안전센터,경상남도 고성군 고성읍 남해안대로 2670,34.9662936,128.3392915,055-670-9310
경남,회화119안전센터,경상남도 고성군 회화면 영희로 2211,35.0587634,128.3666051,055-670-9320
경남,거류119안전센터,경상남도 고성군 거류면 봉암 1길 9,35.0038676,128.4057947,055-670-9340
경남,남해119안전센터,경상남도 남해군 남해읍 스포츠로 81,34.8253329,127.8886416,055-860-9360
경남,삼동119안전센터,경상남도 남해군 삼동면 동부대로 1795,34.8296314,128.0061541,055-860-9370
경남,미조119안전센터,경상남도 남해군 미조면 동부대로 25,34.7305771,128.0327283,055-860-9330
경남,금성119안전센터,경상남도 하동군 금성면 금성로 15,34.9805735,127.7979383,055-880-9320
경남,하동119안전센터,경상남도 하동군 적량면 공설운동장로 169,35.0622728,127.7745043,055-880-9360
경남,진교119안전센터,경상남도 하동군 진교면 진양로 27,35.0253708,127.9014016,055-880-9370
경남,화개119안전센터,경상남도 하동군 화개면 쌍계로58,35.1914791,127.6267922,055-880-9330
경남,산청119안전센터,경상남도 산청군 산청읍 중앙로 76-7,35.415265,127.8795306,055-970-9310
경남,단성119안전센터,경상남도 산청군 단성면 사직단로 447-8,35.2977339,127.9589031,055-970-9320
경남,함양119안전센터,경상남도 함양군 함양읍 고운로 161-41,35.5237585,127.7492772,055-960-9310
경남,안의119안전센터,경상남도 함양군 안의면 금성길 19,35.6291511,127.8103661,055-960-9320
경남,대평119안전센터,경상남도 거창군 거창읍 거함대로 3324,35.6777882,127.923324,055-940-9361
경남,위천119안전센터,경상남도 거창군 위천면 원학길 321,35.749173,127.8327774,055-940-9371
경남,가조119안전센터,경상남도 거창군 가조면 마상3길 32,35.7115079,128.0163921,055-940-9381
경남,합천119안전센터,경상남도 합천군 합천읍 인덕로 2453,35.5729597,128.1484102,055-930-9306
경남,초계119안전센터,경상남도 합천군 초계면 양동로 6-16,35.556884,128.2616639,055-930-9325
경남,북부119안전센터,경상남도 합천군 야로면 월광리 241-4,35.7339264,128.1566965,055-930-9355
경남,삼가119안전센터,경상남도 합천군 삼가면 삼가로 287,35.4083996,128.1199866,055-930-9316
제주,이도119안전센터,제주특별자치도 제주시 중앙로 342,33.4908031,126.5367367,064-756-1175
제주,삼도119안전센터,제주특별자치도 제주시 탑동로 101,33.515852,126.5171534,064-756-4258
제주,오라119안전센터,제주특별자치도 제주시 서광로2길 24,33.4949885,126.5189264,064-756-1176
제주,연동119안전센터,제주특별자치도 제주시 문송길 14,33.4884767,126.4971594,064-743-2119
제주,항만119안전센터,제주특별자치도 제주시 임항로 146,33.5201279,126.5393656,064-756-1178
제주,화북119안전센터,제주특별자치도 제주시 동화로1길 3,33.5194139,126.5735544,064-726-6119
제주,노형119안전센터,제주특별자치도 제주시 광평동로 2,33.4810713,126.4723194,064-742-5119
제주,외도119안전센터,제주특별자치도 제주시 통물길 75,33.4852975,126.4368293,064-749-7333
제주,아라119안전센터,제주특별자치도 제주시 사송길 116,33.4726035,126.5664503,064-721-5119
제주,대신119안전센터,제주특별자치도 서귀포시 서호남로 20(법환동),33.2473456,126.5196561,064-739-0119
제주,동홍119안전센터,제주특별자치도 서귀포시 서홍로 14(서홍동),33.2671306,126.5486496,064-762-1119
제주,중문119안전센터,제주특별자치도 서귀포시 일주서로 669(회수동),33.2539908,126.4411928,064-738-0119
제주,효돈119안전센터,제주특별자치도 서귀포시 일주동로 8234(신효동),33.260795,126.6078006,064-767-2119
제주,한림119안전센터,제주특별자치도 제주시 한림읍 한림중앙로 150,33.4024456,126.270402,064-796-2119
제주,애월119안전센터,제주특별자치도 제주시 애월읍 일주서로 6513,33.4666589,126.3488567,064-799-3119
제주,대정119안전센터,제주특별자치도 서귀포시 대정읍 일주서로 2717,33.2324732,126.2410807,064-794-1119
제주,한경119안전센터,제주특별자치도 제주시 한경면 일주서로 4218,33.3426894,126.1829494,064-773-0119
제주,안덕119안전센터,제주특별자치도 서귀포시 안덕면 화순서서로 2,33.2511086,126.3309023,064-794-9119
제주,영어교육도시119안전센터,제주특별자치도 서귀포시 대정읍 에듀시티로 238,33.279669,126.2771757,064-792-5119
제주,성산119안전센터,제주특별자치도 서귀포시 성산읍 일주동로 4120번길 7,33.460229,126.9100702,064-782-0119
제주,구좌119안전센터,제주특별자치도 제주시 구좌읍 세화14길 8,33.5203299,126.8601487,064-783-0119
제주,조천119안전센터,제주특별자치도 제주시 조천읍 신북로 337,33.5410941,126.6469034,064-782-6119
제주,남원119안전센터,제주특별자치도 서귀포시 남원읍 남원체육관로221번길 23,33.281494,126.7085055,064-764-0119
제주,표선119안전센터,제주특별자치도 서귀포시 표선면 표선관정로 39-16,33.3271647,126.8277779,064-787-0119
창원,풍호119안전센터,경상남도 창원시 진해구 진해대로 1101,35.1279791,128.7449228,055-548-9460
창원,대흥119안전센터,경상남도 창원시 진해구 백구로 72,35.1511802,128.6585125,055-548-9360
창원,이동119안전센터,경상남도 창원시 진해구 충장로 434,35.149915,128.697443,055-548-9370
창원,웅동119안전센터,경상남도 창원시 진해구 남의로 11,35.115806,128.7830761,055-548-9380
창원,용원119안전센터,경상남도 창원시 진해구 용원로 43,35.0999006,128.8141276,055-548-9390
창원,소답119안전센터,경상남도 창원시 의창구 의안로44번길 5,35.2657202,128.6246248,055-225-9360
창원,봉곡119안전센터,경상남도 창원시 봉곡동 지귀로 127,35.2451405,128.6587273,055-225-9370
창원,차룡119안전센터,경상남도 창원시 의창구 창원대로204번길 15,35.2428964,128.6229093,055-225-9380
창원,동읍119안전센터,경상남도 창원시 의창구 동읍 동읍로71번길 14-14,35.2810551,128.6826404,055-225-9390
창원,북면119안전센터,경상남도 창원시 의창구 북면 감계로110번길 54-36,35.2977981,128.5933096,055-225-9400
창원,대산119안전센터,경상남도 창원시 의창구 대산면 봉강가술로 583,35.3334139,128.7057993,055-225-9410
창원,신월119안전센터,경상남도 창원시 의창구 상남로 165,35.2274715,128.6856045,055-211-9362
창원,외동119안전센터,경상남도 창원시 성산구 삼동로128번길 19,35.2243227,128.6578736,055-211-9385
창원,가음정119안전센터,경상남도 창원시 성산구 대정로 39,35.2078494,128.6985816,055-211-9372
창원,대원119안전센터,경상남도 창원시 의창구 두대로55번길 11,35.2328267,128.650844,055-211-9405
창원,웅남119안전센터,경상남도 창원시 성산구 봉양로 406,35.2077321,128.6269734,055-211-9462
창원,중앙119안전센터,경상남도 창원시 마산합포구 제2부두로 55,35.1981124,128.5747829,055-249-9365
창원,남성119안전센터,경상남도 원시 마산합포구 남성로 114,35.2048478,128.5751753,055-249-9384
창원,삼진119안전센터,경상남도 창원시 마산합포구 진북면 산단1길 29-30,35.1414644,128.4835435,055-249-9390
창원,석전119안전센터,경상남도 창원시 마산회원구 양덕옛1길 62,35.2273243,128.5756041,055-249-9407
창원,양봉119안전센터,경상남도 창원시 마산회원구 자유무역1길 22,35.2206349,128.5795296,055-249-9412
창원,구암119안전센터,경상남도 창원시 마산회원구 팔용로 260,35.243226,128.5940338,055-249-9420
창원,내서119안전센터,경상남도 창원시 마산회원구 내서읍 중리공단로 104,35.2401963,128.5096996,055-249-9430
창원,호계119안전센터,경상남도 창원시 마산회원구 내서읍 호계본동3길 59-10,35.267518,128.5201022,055-249-9444
창원,구산119안전센터,경상남도 창원시 마산합포구 구산면 해양관광로 1401,35.0971879,128.5578294,055-249-9450
서울,종로소방서,서울특별시 종로구 율곡로 78(운니동 114-2),37.5770597,126.987755,02-6981-5600
서울,중부소방서,서울특별시 중구 퇴계로 394(무학동),37.5643336,127.0153099,02-2233-1219
서울,광진소방서,서울특별시 광진구 광나루로 480 (구의동),37.5460406,127.0793223,02-6981-6600
서울,용산소방서,서울특별시 용산구 한강대로 167 (한강로2가),37.5310177,126.9681999,02-6943-1400
서울,동대문소방서,서울특별시 동대문구 장한로 34 (장안동),37.5638684,127.0668088,02-6942-1200
서울,영등포소방서,서울특별시 영등포구 문래로 197 (영등포동4가),37.5183994,126.9041724,02-6981-7000
서울,성북소방서,서울특별시 성북구 종암로 27길 3 (종암동),37.6023364,127.0317849,02-6981-7200
서울,은평소방서,서울특별시 은평구 통일로 962 (진관동),37.6338132,126.9117734,02-6981-6000
서울,강남소방서,서울특별시 강남구 테헤란로 629 (삼성동),37.5102372,127.0668095,02-6981-7408
서울,서초소방서,서울특별시 서초구 사평대로 67 (반포동),37.4985816,126.9919593,02-594-0119
서울,강서소방서,서울특별시 강서구 양천로 550 (등촌동),37.558653,126.8532512,02-6981-5000
서울,강동소방서,서울특별시 강동구 성내로 39 (성내동),37.5293802,127.1251007,02-6981-7600
서울,마포소방서,서울특별시 마포구 창전로 76 (신수동),37.5491344,126.9331735,02-6981-7800
서울,도봉소방서,서울특별시 도봉구 도봉로 666 (방학동),37.6640118,127.0433762,02-6981-8073
서울,구로소방서,서울특별시 구로구 경인로 408 (고척동),37.5011414,126.8625002,02-6981-6320
서울,노원소방서,서울특별시 노원구 한글비석로 1길 8 (하계동),37.6381116,127.0710884,02-6981-6800
서울,관악소방서,서울특별시 관악구 관악로 97 (봉천동),37.4737788,126.9525378,02-6981-8200
서울,송파소방서,서울특별시 송파구 오금로51길 56 (마천동),37.4997988,127.1425822,02-6981-5200
서울,양천소방서,서울특별시 양천구 목동서로 180 (목동),37.5301152,126.8722632,02-6981-8600
서울,중랑소방서,서울특별시 중랑구 신내로 183 (신내동),37.6153417,127.0948707,02-6981-8800
서울,동작소방서,서울특별시 동작구 여의대방로16길 55 (신대방동),37.494574,126.9176431,02-6913-7770
서울,서대문소방서,서울특별시 서대문구 연희로 182 (연희동),37.5731167,126.9360069,02-6981-5400
서울,강북소방서,서울특별시 강북구 한천로 911 (번동),37.6279206,127.037216,02-6946-0100
서울,성동소방서,서울특별시 성동구 살곶이길 331(행당동),37.563155,127.0448076,02-2622-1600
서울,금천소방서,서울특별시 금천구 시흥대로 342 금천소방서,37.463867,126.8978067,02-6984-6479
부산,중부소방서,부산광역시 중구 중앙대로 110(중앙동4가),35.1070089,129.0367513,051-760-4101
부산,부산진소방서,부산광역시 부산진구 서전로 43(전포동),35.1580852,129.0646299,051-760-4201
부산,동래소방서,부산광역시 연제구 고분로 216(연산동),35.1838508,129.1059282,051-760-4301
부산,북부소방서,부산광역시 사상구 삼덕로 17(삼락동),35.1746087,128.9786872,051-760-4401
부산,사하소방서,부산광역시 사하구 장평로 270(신평동),35.0902637,128.9736756,051-760-4501
부산,해운대소방서,부산광역시 해운대구 해운대해변로 106(우동),35.1594455,129.1434471,051-760-4601
부산,금정소방서,부산광역시 금정구 중앙대로 1789(부곡동),35.2439566,129.0925855,051-760-4701
부산,남부소방서,부산광역시 수영구 광일로 64(광안동),35.1631637,129.1070531,051-760-4801
부산,강서소방서,부산광역시 강서구 녹산산단361로 9(송정동),35.0895954,128.8568112,051-760-5001
부산,기장소방서,부산광역시 기장군 정관읍 용수로 7(정관읍),35.3248281,129.1796641,051-760-5101
부산,항만소방서,부산광역시 영도구 해양로 297(동삼동),35.0811482,129.0759195,051-760-4901
대구,중부소방서,대구광역시 중구 달구벌대로 1926,35.8623176,128.575251,053-601-4501
대구,동부소방서,대구광역시 동구 동대구로 507,35.8760729,128.6251809,053-601-4317
대구,서부소방서,대구광역시 서구 달서천로 186,35.881886,128.5543905,053-320-4401
대구,북부소방서,대구광역시 북구 칠성남로 112,35.8779915,128.5923197,053-350-4700
대구,수성소방서,대구광역시 수성구 청호로 87,35.825519,128.6442638,053-607-3700
대구,달서소방서,대구광역시 달서구 학산로 75,35.8310954,128.5347651,053-607-2801
대구,달성소방서,대구광역시 달성군 현풍읍 비슬로 480,35.6825307,128.4470113,053-602-4800
대구,강서소방서,대구광역시 달성군 다사읍 달구벌대로 920,35.8593802,128.4466289,053-601-4600
인천,중부소방서,인천광역시 중구 인중로 204,37.4701454,126.6224476,032-870-5181
인천,남동소방서,인천광역시 남동구 인주대로 714,37.4489103,126.7161587,032-870-5210
인천,부평소방서,인천광역시 부평구 부평대로 324,37.5201921,126.722126,032-723-5310
인천,서부소방서,인천광역시 서구 서곶로 292,37.5431014,126.6772894,032-723-5438
인천,공단소방서,인천광역시 남동구 남동서로 208,37.4080812,126.6930046,032-723-5512
인천,계양소방서,인천광역시 계양구 장제로 774,37.5369983,126.7352145,032-650-5662
인천,미추홀소방서,인천광역시 미추홀구 인하로 190,37.448367,126.6690107,032-870-3213
인천,강화소방서,인천광역시 강화군 불은면 중앙로 505,37.7077443,126.4463437,032-930-5820
인천,영종소방서,인천광역시 중구 제2터미널대로 268,37.4737341,126.6214796,032-727-6115
인천,송도소방서,인천광역시 연수구 첨단대로60번길 15,37.4094099,126.6783088,032-810-6609
광주,동부소방서,광주광역시 동구 제봉로 210(대인동),35.1512979,126.9167794,062-613-8401
광주,서부소방서,광주광역시 서구 화운로 197(화정동),35.1564343,126.8764322,062-613-8513
광주,남부소방서,광주광역시 남구 송암로58번길 13(송하동),35.110529,126.8784163,062-613-8613
광주,북부소방서,광주광역시 북구 서하로 290(오치동),35.1864594,126.9122857,062-613-8713
광주,광산소방서,광주광역시 광산구 하남산단1번로 13(하남동),35.1861982,126.796537,062-613-8813
대전,동부소방서,대전광역시 동구 계족로 300,36.3325679,127.4388584,042-270-1300
대전,둔산소방서,대전광역시 서구 갈마중로 15,36.3478665,127.3711236,042-270-1400
대전,대덕소방서,대전광역시 대덕구 계족로 682,36.3723592,127.4290286,042-270-1500
대전,유성소방서,대전광역시 유성구 대덕대로 516,36.3781133,127.3843067,042-270-1600
대전,서부소방서,대전광역시 서구 복수서로 67,36.309288,127.3723555,042-270-1700
울산,중부소방서,울산광역시 중구 종가로 205,35.5794053,129.3383771,052-210-4400
울산,남부소방서,울산광역시 남구 삼산중로 149,35.5472032,129.3353416,052-210-4700
울산,동부소방서,울산광역시 동구 꽃바위2가길 9,35.4824434,129.4126797,052-279-6300
울산,북부소방서,울산광역시 북구 화동로 178,35.5938317,129.3711308,052-229-8001
울산,온산소방서,울산광역시 울주군 온산읍 덕신로 232,35.4332342,129.3066193,052-241-6600
울산,울주소방서,울산광역시 울주군 언양읍 남천둑길 99,35.5587215,129.1355388,052-241-2480
세종,조치원소방서,세종특별자치시 조치원읍 세종로 2439,36.6047758,127.2888985,044-300-8301
세종,세종소방서,세종특별자치시 절재로 301(어진동),36.50619013,127.2738098,044-300-8401
경기,수원소방서,경기도 수원시 정자천로189번길 12,37.2971447,126.9959846,031-8012-9100
경기,수원남부소방서,경기도 수원시 권선구 동수원로 286,37.2546128,127.0366655,031-639-8100
경기,성남소방서,경기도 성남시 수정구 제일로 111,37.436589,127.133388,031-720-0100
경기,분당소방서,경기도 성남시 분당구 양현로 14,37.3859975,127.1194745,031-8018-3100
경기,부천소방서,경기도 부천시 신흥로 115,37.493347,126.7778096,032-650-4100
경기,안양소방서,경기도 안양시 동안구 관평로212번길 32(관양동),37.3957253,126.9606283,031-470-0100
경기,안산소방서,경기도 안산시 단원구 화랑로 407,37.3216544,126.833083,031-470-7100
경기,용인소방서,경기도 용인시 처인구 명지로 45,37.2322939,127.1900192,031-8021-0100
경기,평택소방서,경기도 평택시 중앙로 273,36.99042,127.1128274,031-8053-6100
경기,송탄소방서,경기도 평택시 경기대로 1627(신장동),37.0814357,127.0500387,031-685-8100
경기,광명소방서,경기도 광명시 금하로 472,37.4509447,126.8806039,02-2610-3100
경기,시흥소방서,경기도 시흥시 정왕신길로 206,37.3492,126.7400852,031-310-0100
경기,군포소방서,경기도 군포시 고산로 429,37.3525282,126.9271095,031-479-8100
경기,화성소방서,경기도도 화성시 향남읍 향남로 399,37.1305794,126.92055,031-8012-6100
경기,이천소방서,경기도 이천시 경충대로 2739,37.281936,127.4315821,031-645-5100
경기,김포소방서,경기도 김포시 감암로 111,37.6415291,126.7084999,031-980-4100
경기,광주소방서,경기도 광주시 초월읍 무들로 112 광주소방서,37.3855652,127.2994595,031-799-2100
경기,안성소방서,경기도 안성시 미양로 855,37.0004265,127.2558228,031-678-4100
경기,하남소방서,경기도 하남시 대청로 76,37.5398622,127.2204166,031-799-4100
경기,의왕소방서,경기도 의왕시 오봉로 9,37.3441331,126.9746697,031-596-0100
경기,오산소방서,경기도 오산시 문헌공로 30,37.178036,127.0566906,031-8059-7100
경기,여주소방서,경기도 여주시 우암로 110,37.291526,127.6258811,031-887-7100
경기,양평소방서,경기도 양평군 양평읍 경강로 2047,37.5002024,127.5074912,031-770-0100
경기,과천소방서,경기도 과천시 통영로 12,37.4285453,126.9904563,02-3314-100
경기북,고양소방서,경기도 고양시 덕양구 고양대로 1342,37.6547763,126.8335171,031-931-0100
경기북,일산소방서,경기도 고양시 일산동구 중앙로 1325,37.6630251,126.7695913,031-930-0100
경기북,의정부소방서,경기도 의정부시 금오로23번길 22-40,37.7547367,127.0676112,031-849-7111
경기북,남양주소방서,경기도 남양주시 평내동 평내로 25,37.6433788,127.2322006,031-590-0100
경기북,파주소방서,경기도 파주시 파주읍 통일로 1564,37.8476859,126.789842,031-956-9100
경기북,구리소방서,경기도 구리시 아차산로487번길 46,37.5982565,127.127819,031-570-6100
경기북,포천소방서,경기도 포천시 호국로 1538,37.8914328,127.2027888,031-538-5100
경기북,양주소방서,경기도 양주시 꿈나무로 156,37.7956868,126.9893721,031-849-8100
경기북,동두천소방서,경기도 동두천시 지행로 6,37.8920012,127.0477009,031-830-5100
경기북,가평소방서,경기도 가평군 가평읍 가화로 36,37.823255,127.5164319,031-734-100
경기북,연천소방서,경기도 연천군 전곡읍 평화로 892,38.0484702,127.0689781,031-830-0100
강원,춘천소방서,강원도 춘천시 후석로 446(후평동),37.8789106,127.7469991,033-248-9100
강원,원주소방서,강원도 원주시 동부순환로 201(반곡동),37.3280827,127.9739145,033-769-1213
강원,강릉소방서,강원도 강릉시 선수촌로 64-28(홍제동),37.7519699,128.887931,033-610-8100
강원,동해소방서,강원도 동해시 천곡로 120(천곡동),37.5244612,129.1184599,033-530-8100
강원,태백소방서,강원도 태백시 태백로 1120(황지동),37.164372,128.951832,033-550-8100
강원,속초소방서,강원도 속초시 미시령로 3226,38.2034327,128.5600925,033-630-2100
강원,삼척소방서,강원도 삼척시 봉황로 101,37.4465928,129.1709751,033-570-8100
강원,홍천소방서,강원도 홍천군 홍천읍 공작산로 99,37.691451,127.902408,033-439-2100
강원,횡성소방서,강원도 횡성군 횡성읍 문예로 157,37.4853526,127.9739346,033-340-9100
강원,영월소방서,강원도 영월군 영월읍 영월로 1863,37.1851998,128.4583934,033-371-7100
강원,평창소방서,강원도 평창군 평창읍 살구실길 10,37.3780095,128.3899712,033-339-8100
강원,정선소방서,강원도 정선군 정선읍 녹송로 27,37.3797105,128.6718584,033-560-6100
강원,철원소방서,강원도 철원군 갈말읍 태봉로 1504,38.1854405,127.3237273,033-450-2100
강원,화천소방서,강원도 화천군 위라리길 47,38.0948113,127.7172955,033-440-7100
강원,양구소방서,강원도 양구군 양구읍 중심로 92,38.1011702,127.9928047,033-480-4100
강원,인제소방서,강원도 인제군 인제읍 비봉로 44번길 71,38.0617057,128.16837,033-460-9100
강원,고성소방서,강원도 고성군 간성읍 수성로 37-11,38.3776837,128.4667505,033-680-7100
강원,양양소방서,강원도 양양군 양양읍 남대천로 33,38.0633276,128.6185234,033-639-7100
충북,청주동부소방서,충청북도 청주시 상당구 영운로 61,36.6207094,127.4946651,043-251-0104
충북,청주서부소방서,충청북도 청주시 흥덕구 가경로 143,36.6273501,127.4371135,043-249-9201
충북,충주소방서,충청북도 충주시 목행산단7로 9,37.0032464,127.9206901,043-841-3100
충북,제천소방서,충청북도 제천시 신죽하로 164,37.1607568,128.2126828,043-641-7201
충북,보은소방서,충청북도 보은군 보은읍 남부로 4415,36.4769345,127.722146,043-773-0100
충북,옥천소방서,충청북도 옥천군 옥천읍 동부로 15,36.3072091,127.5748696,043-730-1800
충북,영동소방서,충청북도 영동군 영동읍 영동황간로 174,36.1656451,127.7890282,043-740-7000
충북,증평소방서,충청북도 증평군 충청대로 1789,36.7879881,127.5839854,043-830-0100
충북,진천소방서,충청북도 진천군 진천읍 진광로 93,36.8727806,127.4410743,043-539-8110
충북,괴산소방서,충청북도 괴산군 괴산읍 괴강로 69,36.8075362,127.8015004,043-760-0100
충북,음성소방서,충청북도 음성군 금왕읍 응천서길 11,36.9895842,127.5951396,043-880-0201
충북,단양소방서,충청북도 단양군 단양읍 삼봉로 421-56,36.9885617,128.3552336,043-767-4100
충남,천안동남소방서,충청남도 천안시 동남구 천안대로 580,36.7997951,127.1649639,041-570-0201
충남,천안서북소방서,충청남도 천안시 서북구 직산읍 4산단2길 32,36.8625903,127.1161915,041-360-0200
충남,공주소방서,충청남도 공주시 무령로 55,36.45934,127.1266693,041-851-0201
충남,보령소방서,충청남도 보령시 성주산로 63,36.3098155,126.6516838,041-930-0201
충남,아산소방서,충청남도 아산시 모종로 77,36.7846172,127.0211754,041-538-0201
충남,서산소방서,충청남도 서산시 호수공원 14로 26-4,36.773144,126.445135,041-689-0200
충남,논산소방서,충청남도 논산시 대학로 17,36.178221,127.1004094,041-730-0201
충남,계룡소방서,충청남도 계룡시 엄사면 문화로32,36.27304,127.2342546,042-540-5200
충남,당진소방서,충청남도 당진시 역천로 838,36.8857583,126.6178819,041-350-5201
충남,금산소방서,충청남도 금산군 금산읍 삼풍로 2,36.0999024,127.4801948,041-750-1201
충남,부여소방서,충청남도 부여군 규암면 계백로17,36.2749535,126.8822431,041-830-0200
충남,서천소방서,충청남도 서천군 장항읍 장항로 37,36.0134645,126.6830512,041-955-0201
충남,청양소방서,충청남도 청양군 청양읍 충절로 1187,36.4515941,126.7924738,041-940-7200
충남,홍성소방서,충청남도 홍성군 홍성읍 충절로 741,36.5847967,126.6956618,041-630-0201
충남,예산소방서,충청남도 예산군 오가면 오가중앙로 111,36.6865672,126.8017581,041-330-4201
충남,태안소방서,충청남도 태안군 태안읍 동백로 100,36.7535367,126.2927352,041-671-0201
전북,전주덕진소방서,전라북도 전주시 덕진구 백제대로 611,35.8422624,127.136683,063-250-4201
전북,전주완산소방서,전라북도 전주시 완산구 거마평로 73,35.7990615,127.1164033,063-220-4201
전북,군산소방서,전라북도 군산시 번영로 308,35.9628283,126.7510771,063-450-0201
전북,익산소방서,전라북도 익산시 무왕로 1338,35.9592947,126.9671608,063-839-3201
전북,정읍소방서,전라북도 정읍시 서부산업도로 507-5,35.5898628,126.8601509,063-570-1201
전북,남원소방서,전라북도 남원시 요천로 1965,35.4368914,127.4163573,063-630-8201
전북,김제소방서,전라북도 김제시 벽성로 278,35.7988747,126.8702019,063-540-4201
전북,완주소방서,전라북도 완주군 삼례읍 삼봉로 518,35.918125,127.092284,063-290-0201
전북,진안소방서,전라북도 진안군 진안읍 쇠징계로 9,35.8004615,127.4344646,063-786-5201
전북,장수소방서,전라북도 장수군 장계면 육십령로 136,35.7322307,127.5895716,063-350-6201
전북,순창소방서,전라북도 순창군 순창읍 교성로 24,35.371977,127.1338463,063-650-9201
전북,고창소방서,전라북도 고창군 고창읍 녹두로 1294,35.4326873,126.6879967,063-560-1201
전북,부안소방서,전라북도 부안군 행안면 변산로 86,35.7297661,126.7119416,063-580-1201
전남,목포소방서,전라남도 목포시 삼향천로 110,34.8099704,126.4302846,061-280-0900
전남,여수소방서,전라남도 여수시 망마로 20,34.7599418,127.6651119,061-680-0900
전남,순천소방서,전라남도 순천시 서면 삼산로 281,34.9865684,127.5038778,061-750-0900
전남,나주소방서,전라남도 나주시 예향로 4201,35.0277401,126.709673,061-330-0900
전남,광양소방서,전라남도 광양시 중마중앙로 109,34.9399202,127.6976867,061-798-0900
전남,담양소방서,전라남도 담양군 담양읍 추성로 1232,35.3181713,126.9736509,061-380-0900
전남,고흥소방서,전라남도 고흥군 풍양면 고흥로 1330,34.5815019,127.2560495,061-840-0900
전남,보성소방서,전라남도 보성군 벌교읍 녹색로 5247,34.8385679,127.3156753,061-859-0900
전남,화순소방서,전라남도 화순군 화순읍 학포로 2750,35.0506223,126.9718859,061-379-0900
전남,장흥소방서,전라남도 장흥군 장흥읍 북부로 138,34.6874519,126.9111852,061-850-0900
전남,강진소방서,전라남도 강진군 군동면 중앙로 223,34.6432038,126.7809313,061-430-0900
전남,해남소방서,전라남도 해남군 해남읍 교육청길 82,34.566334,126.6077814,061-530-0900
전남,영암소방서,전라남도 영암군 삼호읍 나불로 192,34.766809,126.4391929,061-460-0900
전남,무안소방서,전라남도 무안군 무안읍 공항로 133,34.9939278,126.4740792,061-450-0900
전남,함평소방서,전라남도 함평군 대동면 학동로386,35.1360411,126.4946826,061-338-0900
전남,영광소방서,전라남도 영광군 영광읍 함영로 3508,35.2629482,126.5090084,061-350-0900
전남,장성소방서,전라남도 장성군 장성읍 단풍로 204,35.3205101,126.7998553,061-360-0900
전남,완도소방서,전라남도 완도군 농공단지길7,34.3370878,126.7327743,061-470-0900
전남,진도소방서,전라남도 진도군 진도대로 6945,34.4729778,126.247298,061-530-0953
전남,신안소방서,전라남도 신안군 암태면 단고리 973-6,34.8251412,126.1109983,061-280-0979
경북,포항북부소방서,경상북도 포항시 북구 중앙로 332,36.0424692,129.3661284,054-260-2101
경북,포항남부소방서,경상북도 포항시 남구 동해안로 5890,35.9933538,129.4189363,054-288-0800
경북,경주소방서,경상북도 경주시 알천남로 276,35.8441775,129.228024,054-778-0500
경북,김천소방서,경상북도 김천시 강변로 219,36.1178629,128.1282913,054-420-5800
경북,안동소방서,경상북도 안동시 육사로 301,36.5610264,128.7372937,054-850-6600
경북,구미소방서,경상북도 구미시 수출대로 112,36.1105264,128.3765364,054-440-0100
경북,영주소방서,경상북도 영주시 문수면 적서로 448번길 17,36.7919778,128.6330196,054-630-0302
경북,영천소방서,경상북도 영천시 호국로 187,35.9777636,128.9578826,054-332-0119
경북,상주소방서,경상북도 상주시 상산로 322,36.4196445,128.1597655,054-530-3700
경북,문경소방서,경상북도 문경시 중앙로 305,36.610208,128.2095214,054-559-1800
경북,경산소방서,경상북도 경산시 압량읍 김유신로 12,35.8433042,128.7598684,053-819-6200
경북,의성소방서,경상북도 의성군 봉양면 대로 4741,36.3007453,128.5763375,054-830-7700
경북,영덕소방서,경상북도 영덕군 영덕읍 경동로 8401,36.4167995,129.3710088,054-730-1500
경북,청도소방서,경상북도 청도군 청도읍 중앙로 192-34,35.6422693,128.7594845,054-370-8200
경북,고령소방서,경상북도 고령군 대가야읍 벽화길 18,35.7239283,128.2685879,054-950-8000
경북,성주소방서,경상북도 성주군 성주읍 주산로 193,35.9340235,128.3047069,054-930-5500
경북,칠곡소방서,경상북도 칠곡군 기산면 칠곡대로 1216,35.9956679,128.3880715,054-970-2700
경북,예천소방서,경상북도 예천군 예천읍 양궁로 61-12,36.6480313,128.463409,054-650-3400
경북,울진소방서,경상북도 울진군 울진읍 울진북로 508,36.9934617,129.3946032,054-780-1300
경남,진주소방서,경상남도 진주시 동진로 249,35.1804868,128.1182794,055-760-9200
경남,통영소방서,경상남도 통영시 광도면 죽림4로 49,34.8834969,128.4190654,055-640-9200
경남,사천소방서,경상남도 사천시 남일로 29,34.9331232,128.0797948,055-830-9200
경남,김해동부소방서,경상남도 김해시 김해대로 2507,35.2285953,128.9014111,055-320-9200
경남,김해서부소방서,경상남도 김해시 진례면 서부로 730,35.2373323,128.7625339,055-344-9200
경남,밀양소방서,경상남도 밀양시 밀양대공원로 66,35.5011215,128.7597729,055-350-9200
경남,거제소방서,경상남도 거제시 진목로 1,34.8961382,128.6861837,055-689-9200
경남,양산소방서,경상남도 양산시 물금읍 황산로 719,35.3340411,129.010046,055-379-9200
경남,의령소방서,경상남도 의령군 의령읍 의병로 108-17,35.319948,128.2484748,055-570-9200
경남,함안소방서,경상남도 함안군 가야읍 선왕길 59,35.2860004,128.3996684,055-580-9200
경남,창녕소방서,경상남도 창녕군 대지면 우포2로 1097,35.55042,128.4791592,055-259-9200
경남,고성소방서,경상남도 고성군 고성읍 남해안대로 2670,34.9662936,128.3392915,055-670-9200
경남,남해소방서,경상남도 남해군 남해읍 스포츠로 81,34.8253329,127.8886416,055-860-9200
경남,하동소방서,경상남도 하동군 금성면 금성로 15,34.9805735,127.7979383,055-880-9200
경남,산청소방서,경상남도 산청군 산청읍 중앙로 76-7,35.415265,127.8795306,055-970-9200
경남,함양소방서,경상남도 함양군 함양읍 고운로 161-41,35.5237585,127.7492772,055-960-9200
경남,거창소방서,경상남도 거창군 거창읍 거함대로 3324,35.6777882,127.923324,055-940-9200
경남,합천소방서,경상남도 합천군 합천읍 인덕로 2453,35.5729597,128.1484102,055-930-9200
제주,제주소방서,제주특별자치도 제주시 중앙로 342(이도이동),33.4977379,126.5374912,064-729-0103
제주,서귀포소방서,제주특별자치도 서귀포시 서호남로 20(법환동),33.2473456,126.5196561,064-730-7101
제주,서부소방서,제주특별자치도 제주시 한림읍 한림중앙로 150,33.4024456,126.270402,064-795-0101
제주,동부소방서,제주특별자치도 서귀포시 성산읍 일주동로 4120번길 7,33.460229,126.9100702,064-780-9133
창원,의창소방서,경상남도 창원시 의창구 의창대로272번길 10,35.2606251,128.6281701,055-225-9200
창원,성산소방서,경상남도 창원시 의창구 상남로 165,35.2274715,128.6856045,055-211-9200
창원,마산소방서,경상남도 창원시 마산합포구 제2부두로 55,35.1981124,128.5747829,055-249-9200
