Index,init_distance,안전센터/소방서이름
0,1.377551120644424,가좌119안전센터
1,1.435528188969865,산곡119안전센터
2,1.4797159947717213,석남119안전센터
3,1.7070274298297405,십정119안전센터
4,2.535848154415261,도화119안전센터
5,2.7006199686363144,신현119안전센터
6,3.2092667357934603,부평119안전센터
7,3.281477079217381,송현119안전센터
8,3.4711569240660918,숭의119안전센터
9,3.503457765180035,간석119안전센터
10,3.874266669495201,주안119안전센터
11,4.166905929726186,효성119안전센터
12,4.271199464834152,삼산119안전센터
13,4.297892548098916,갈산119안전센터
14,4.297892548098916,부평소방서
15,4.347272672688855,송림119안전센터
16,4.665155125183199,부개119안전센터
17,4.717600687848367,원창119안전센터
18,5.077532156028453,만수119안전센터
19,5.248422889551397,미추홀소방서
20,5.248422889551397,신기119안전센터
21,5.519742384726806,만석119안전센터
22,5.523617729602835,관교119안전센터
23,5.56623352521916,남동소방서
24,5.56623352521916,구월119안전센터
25,5.596925277182655,용현119안전센터
26,5.600947621471457,연희119안전센터
27,5.600947621471457,서부소방서
28,5.918311618229468,신상119안전센터
29,5.956795385461873,상동119안전센터
